producto,nutriscore,nova,perfil_aditivos,ns_num,cluster_final
Sidi Ali,a,1,0,1,1
Perly,a,3,0,1,0
Eau minérale naturelle,a,1,0,1,1
Sidi Ali,a,1,0,1,1
Lait,b,3,0,2,0
Jben,d,4,0,4,3
isabelle,a,1,0,1,1
Prince Goût Chocolat au blé complet,e,4,0,5,3
uht jaouda 1L,b,1,0,2,1
Ain Saïss,a,1,0,1,1
اكوافينا,a,1,0,1,1
,a,1,0,1,1
6111035000027,a,1,0,1,1
Pain De Mie Bio,c,4,0,3,0
Cream cheese,a,3,0,1,0
Eau minéral naturelle,a,1,0,1,1
Edelbitter-Schokolade,d,3,0,4,3
Cocacola original  500,e,4,3,5,2
Desconocido,b,1,0,2,1
Skyr nature 0%,a,1,0,1,1
Yaourt nature,b,3,0,2,0
اكوافينا,b,1,0,2,1
Pain de mie grandes tranches Seigle & Graines 500g,a,4,0,1,0
cruesly mélange de noix,b,4,0,2,0
Tartines craquantes au sarrasin imp,a,3,0,1,0
Sésame,c,4,0,3,0
Excellence 70% cacao noir intense,e,3,0,5,3
Nutella,e,4,0,5,3
Excellence 85% cacao,e,3,0,5,3
Pur beurre de cacahuète,b,1,0,2,1
Cheddar,d,4,0,4,3
Rigoni di Asiago - Nocciolata bio,e,4,0,5,3
Nutella,e,4,0,5,3
Oulmes natural carbonated water,a,1,0,1,1
Tonik,e,3,0,5,3
Fourrés Chocolat Noir,d,4,0,4,3
Pain de mie american sandwich complet sans sucres ajoutés 600g,b,4,0,2,0
KRISPROLLS Complets,a,4,0,1,0
Brioche Tranchée Bio 400g,c,4,0,3,0
Cappy PULPY,e,4,3,5,2
Geröstete Mandel Ohne Zucker,b,4,0,2,0
Alvalle Gazpacho l'original,a,3,0,1,0
14 Maxi Tranches complet sans sucres ajoutés,a,4,0,1,0
Goldium crémeux,d,4,0,4,3
Ciel 33cl,a,1,0,1,1
Pain de mie Bio grandes tranches céréales & graines 500g,c,4,0,3,0
AUTHENTIQUE,a,3,0,1,0
Ain Atlas,a,1,0,1,1
Fibres,a,3,0,1,0
Nocciolata,e,4,0,5,3
Le Lait demi écrémé,b,1,0,2,1
Menguy's Peanut 100%,a,1,0,1,1
,a,1,0,1,1
Croustillant Chocolat,c,4,0,3,0
PESTO alla GENOVESE,e,4,0,5,3
Frommage fondu,d,3,0,4,3
Pomme Noisette,b,4,0,2,0
Margarine bio doux tartine & cuisson,c,4,0,3,0
Ciel,b,1,0,2,1
jaouda Cremy,a,4,0,1,0
Figue & son,b,4,0,2,0
Tartine Doux,c,4,0,3,0
Assil vanille,c,1,0,3,1
Ain Saiss Eau Minerale Naturelle,a,1,0,1,1
Jebli,d,4,0,4,3
Pâte à tartiner noisettes et cacao,e,4,0,5,3
Coke Zero,c,4,3,3,2
Carré Frais,b,3,0,2,0
tartine de campagne,c,4,0,3,0
,d,1,0,4,1
ain saiss 50cl,a,1,0,1,1
كيفير,b,1,0,2,1
Coca-Cola,e,4,3,5,2
Jamila رايبي,e,4,0,5,3
Zero sugar free Fibre,d,4,0,4,3
Ain Atlas,a,1,0,1,1
Paysan Breton - Le Fromage Fouetté Madame Loïk - Nature au Sel de Guérande,d,3,0,4,3
,c,1,0,3,1
PESTO ROSSO,e,4,0,5,3
CRISTALINE Eau De Source 0.5L,a,1,0,1,1
Beurre bio cacahuète,a,1,0,1,1
Flocons d'avoine,a,1,0,1,1
Be Nuts ! - Pâte à tartiner Cacahuète,c,4,0,3,0
Nutella,e,4,0,5,3
kéfir nature b6 b12  699g,b,1,0,2,1
Biscuit raisins,c,4,0,3,0
le blanc nature 900g araai,a,3,0,1,0
Henry’s,e,4,0,5,3
"Muesli Raisin, Figue, Abricot",a,3,0,1,0
NESTLE CHOCAPIC Céréales 375g,b,4,0,2,0
Nutella Plant-Based,e,4,0,5,3
Almonds natural,a,1,0,1,1
Original,e,4,0,5,3
Шоколад 85% какаова маса,d,4,0,4,3
Special Muesli 30% fruits & noix,a,1,0,1,1
Mayonnaise recette originale,d,4,3,4,2
Chicoree soluble nature bio 100g,e,1,0,5,1
,c,4,0,3,0
Chips sel de mer et poivre noir,c,4,0,3,0
Eau,a,1,0,1,1
Lasagne all'uovo,a,1,0,1,1
Afia,c,2,0,3,1
vitalya,a,1,0,1,1
,a,1,0,1,1
Margarine omega 3 doux,c,4,0,3,0
Oméga 3,c,4,0,3,0
Bio crackers graines de chia et flocons d’avoine,c,3,0,3,0
SALIM LBEN 440G,b,4,0,2,0
La bûche fondante,d,3,0,4,3
"BN - Casse Croute Biscuits, 375g",d,4,0,4,3
Pâte à tartiner,e,4,0,5,3
540093179616,c,1,0,3,1
Le pain au Seigle,b,4,0,2,0
chocolat 90% Perou,d,3,0,4,3
NESTLÉ DESSERT Noir 2x205g,e,4,0,5,3
Chips de Sarrasin au Sel de Guerande,b,3,0,2,0
mayonnaise de Dijon,c,4,0,3,0
Huile d'olive,b,2,0,2,1
NESTLÉ DESSERT Corsé 200g,e,4,0,5,3
Maille Mayonnaise,d,4,0,4,3
"Bonne Maman - Quatre Quarts, 500g (17.6oz)",e,4,0,5,3
la Brandade à la Morue,b,4,0,2,0
Les Fourrées  -  Beurre de Cacahuète & Cacao,b,3,0,2,0
Douceur fromage frais,d,4,0,4,3
Rostlinná slanina,d,4,0,4,3
Chocolat Noir 92% cacao,e,4,0,5,3
Spéculoos Biscoff,e,3,0,5,3
Tartines Craquantes Multi-Céréales,b,3,0,2,0
Ftoury Fromage Blanc,b,4,0,2,0
Pain de mie american sandwich nature sans sucres ajoutés maxi 825g,c,4,0,3,0
عصري بناشي,e,4,0,5,3
Lentilles cuisinées à l'Auvergnate,c,4,0,3,0
le beurre tendre,e,2,0,5,3
Baiocchi nocciola snack mb,d,4,0,4,3
Petits fours financiers,e,3,0,5,3
Muesli Chocolat-Noisette,a,4,0,1,0
Chocolate Negro,e,4,0,5,3
MAGGI Bouillon KUB BIO Légumes 80g,c,4,0,3,0
Huille,b,1,0,2,1
Vittel,a,1,0,1,1
Pan 100% Integral,a,4,0,1,0
Natural Coconut Cream,c,4,0,3,0
Ghayt,a,1,0,1,1
Crème sous pression à la vanille 250g,e,4,0,5,3
St Hubert Omega 3 Sans Huile de Palme 500g Doux,d,4,0,4,3
Compote Pomme Nature,a,1,0,1,1
fuzetea saveur pêche 1l25,d,4,0,4,3
8 Tortillas - Blé nature,c,4,0,3,0
Pan Fibra & Sésamo,a,3,0,1,0
Sauce Soja,e,3,0,5,3
Krisprolls,d,4,0,4,3
Tartare végétal ail & fines herbes,b,4,0,2,0
Miel crémeux français & responsable,e,2,0,5,3
Finn Crisp,b,3,0,2,0
Monaco Emmental,e,4,0,5,3
Pain complet,b,4,0,2,0
العين,a,1,0,1,1
Biscuit fondant choco noir sans sucres ajoutés,c,4,0,3,0
Yaourt saveur myrtille sauvage,c,4,0,3,0
Filet de poulet 🐔 rôti,b,4,0,2,0
Dark chocolate,d,3,0,4,3
Gourmand & Végétal Brassé Nature,c,4,0,3,0
Tofu fumé,a,4,0,1,0
Grand Arôme 32% de Cacao,e,4,0,5,3
Bol Bol Ketchup,e,4,0,5,3
Filet de maquereaux grillés nature,d,3,0,4,3
Emmental râpé,d,3,0,4,3
Queso crema suave,d,4,0,4,3
HERTA Blanc Poulet Nature conservation sans nitrite x4 -140g,b,4,0,2,0
"Ketchup zéro sel ajouré, 70% moins de sucres",a,4,0,1,0
Miel de fleurs,d,2,0,4,3
"Ravioli au tofu, tomates, basilic",b,3,0,2,0
Fourrés chocolat lait noisettes,e,4,0,5,3
Chergui Lait,b,1,0,2,1
Moelleux chocolat,c,4,0,3,0
Maille mout fin gour 320g,e,4,0,5,3
Tomato Ketchup,d,3,0,4,3
Crunchy Oats & Dark Chocolate,d,4,0,4,3
Pringles Sare,d,4,0,4,3
filets de maquereaux à l'huile végétale,b,3,0,2,0
Orange citron,c,4,0,3,0
Les tranches végé haricots rouges,c,4,0,3,0
Excellence Lait Extra Fondant,e,4,0,5,3
Double concentré de tomates,a,3,0,1,0
nuggets soja,a,4,0,1,0
Chocolat noir Bio 70%,e,3,0,5,3
Digestive Avena,d,4,0,4,3
Skyr,a,1,0,1,1
Biscottes,c,4,0,3,0
Pain complet seigle,b,3,0,2,0
Biscuits nappés de chocolat noir,d,4,0,4,3
Bul'tropicale,b,4,0,2,0
Organic 70% Dark Chocolate Bar,e,3,0,5,3
FETA AOP GRECQUE,d,3,0,4,3
Paahdettu maapähkinä,a,3,0,1,0
Margarine patissière,d,4,0,4,3
Pâte à tartiner praliné,c,3,0,3,0
HERTA Pâte à Pizza Fine et Rectangulaire 390g,c,4,0,3,0
Fourrés Chocolat🍫,e,4,0,5,3
Palmito L'original,e,4,0,5,3
Tartine & Cuisson 100% végétal,c,4,0,3,0
Lait demi-écrémé Stérilisé UHT,b,1,0,2,1
Danup fraise,c,1,0,3,1
Velouté,c,1,0,3,1
"Golden Wheat Swedish Krisprolls, 7.9oz (225g)",c,3,0,3,0
4 Baguettes viennoises 340g,c,4,0,3,0
NESTLE LION Céréales 400g,c,4,0,3,0
HEPAR,a,1,0,1,1
Lotus Biscoff,d,3,0,4,3
margarine la prairie 225g,c,4,0,3,0
Filets de maquereaux vin blanc & aromates,b,3,0,2,0
Suprêmes panés végétaux et gourmands,a,4,0,1,0
Moutarde à l’ancienne,e,4,0,5,3
Fusilli 98,a,1,0,1,1
Čokoláda na vaření,e,4,0,5,3
Amora,d,4,0,4,3
Tipiak Graine Parfumé,a,4,0,1,0
Caprice des Dieux,d,3,0,4,3
Viva lait 1/2 écrémé,b,1,0,2,1
faisselle,b,3,0,2,0
Saveir Sel & Vinaigre,c,3,0,3,0
Orangensaft,c,1,0,3,1
Yawmi velouté pistache,c,1,0,3,1
Sidi Harazem,a,1,0,1,1
PET 2L OASIS TROPICAL,d,4,0,4,3
Desconocido,e,4,0,5,3
Elle & vire creme fraiche epaisse legere 12%mg poche 328g,d,3,0,4,3
Pain Burger Géant,c,4,0,3,0
Fiocchi di avena integrali,a,1,0,1,1
Crème de coco légère,d,4,0,4,3
Poulain,d,4,0,4,3
Cuetara Digesta Light 200G Marie Cookies,c,4,0,3,0
"Muesli con quinoa, chía y chocolate negro",c,4,0,3,0
Lio huile de table,b,1,0,2,1
Tartines Craquantes Sarrasin,a,1,0,1,1
Roudor,e,3,0,5,3
шок.тоблерон с дробл.орехом,e,4,0,5,3
Mon p'tit plaisir,d,4,0,4,3
SKYR,a,1,0,1,1
Pain de mie nature,c,4,0,3,0
Paysan Breton - Le Fromage Fouetté Madame Loïk - Echalote Ciboulette,d,3,0,4,3
Cereales special K original,c,3,0,3,0
Poms 2,e,4,3,5,2
Tomato Ketchup,d,3,0,4,3
Nesquik,d,4,0,4,3
Ricotta & Épinards,c,4,0,3,0
Galettes boulghour parmesan & tomates confites,c,4,0,3,0
Double concentre de tomate,a,3,0,1,0
EXTRA VIRGIN OLIVE OIL,b,2,0,2,1
Kiri® Crème 24 portions,d,4,0,4,3
HERTA Lardons nature conservation sans nitrite - 2x75g,e,4,0,5,3
Gnocchi aux pommes de terre,c,3,0,3,0
Quinoa Gourmand,a,1,0,1,1
Myrtille Intense,d,4,0,4,3
Schweppes Agrum',e,4,3,5,2
Star moutarde,e,4,0,5,3
Pain de mie complet,c,4,0,3,0
Melloeux Fruit Rouges,c,4,0,3,0
,c,4,0,3,0
Skyr framboise,b,3,0,2,0
Capri choco,e,4,0,5,3
,e,4,0,5,3
Biscottes Complètes bio,c,4,0,3,0
Pecan Nuts,a,1,0,1,1
Houmous sésame,b,3,0,2,0
Ratatouille à la provençale,a,3,0,1,0
Vinaigrette Légère Huile de Sésame & Sauce Soja Graines de Sésame Torréfiées 36 cl,d,1,0,4,1
crème cuisson,d,4,0,4,3
Oleor,c,2,0,3,1
HERTA Trésor de Grand Mère pâte feuilletée pur beurre 280g,d,3,0,4,3
Filets de maquereaux moutarde a l'ancienne,c,4,0,3,0
Le Torchon - Cuit à l'Etouffée  - 25% de sel*,c,4,0,3,0
Merci Finest Selection,e,4,0,5,3
Sauce pizza star 350 g,d,4,0,4,3
Bebida de Avena,c,1,0,3,1
Mozzarella Pizza-Roma,c,3,0,3,0
Riz au lait,c,4,0,3,0
Mejora,e,4,0,5,3
Lentilles vertes,b,3,0,2,0
Caldo casero de pollo,c,4,0,3,0
Yaourt à la GRECQUE NATURE,c,3,0,3,0
Rice crackers sea salt,d,4,0,4,3
"Barres Chocolat Noir, Amandes, Cranberries & Noix de Coco",c,3,0,3,0
Boisson Amande,c,3,0,3,0
Crackers heudebert,d,3,0,4,3
Muesli croustillant chocolat 500 g,c,3,0,3,0
2 Cordons Bleus De Poulet Bio,c,3,0,3,0
Wattwiller,a,1,0,1,1
Pain grillé Pelletier,d,4,0,4,3
Galleta ligera sin sal y sin azúcar,a,4,0,1,0
Tortitas de maíz,c,3,0,3,0
Kikkoman Sojasauce,e,3,0,5,3
Poêlée Méditerranéenne 750g,b,4,0,2,0
L'extra craquante nature,d,3,0,4,3
Natural con Coco,b,4,0,2,0
Truite Fumée de France,d,3,0,4,3
Atún claro al natural,a,3,0,1,0
BRIDELIGHT LE BON MOELLEUX ALLEGE 5%MG 350g,c,3,0,3,0
Desconocido,e,4,0,5,3
Marie Gold Biscuit,e,4,0,5,3
Sauce tomate au basilic,b,4,0,2,0
Mouliné de Légumes verts Verts,b,3,0,2,0
Cassegrain - Lentilles préparées 4/4,b,4,0,2,0
Amande chocolat,e,4,0,5,3
Blé tendre cuisson 10 min Ebly 500 g,b,1,0,2,1
Chocolat Noir 95% Togo,d,3,0,4,3
TOMATO KETCHUP,d,3,0,4,3
Copos de trigo espelta integral 0%,a,3,0,1,0
Pâte à tartiner 40% noisettes du Lot-et-Garonne et cacao,e,4,0,5,3
Tomato Ketchup,d,4,0,4,3
"Muesli 35 fruits, noix et graines",b,3,0,2,0
Curry de pois chiches aux épices douces d'aucy 380g,b,3,0,2,0
Galletas Desayuno Zero Sin Azúcares,b,4,0,2,0
HERTA LE BON PARIS Jambon conservation sans nitrite x2 - 70g,c,4,0,3,0
Proteines Mangue,a,4,0,1,0
Ristorante Pizza Vegetale,c,3,0,3,0
Peeled Tomatoes in tomato juice,b,1,0,2,1
gaufres au sucre perlé,e,4,0,5,3
Dark Chocolate with Sea Salt,e,4,0,5,3
"Blé, riz rouge, quinoa",b,3,0,2,0
Sardines huile olive,b,3,0,2,0
Eau de source de montagne Laqueuille,a,1,0,1,1
Petits pains grillés blé complet,c,4,0,3,0
L'original noir,e,4,0,5,3
"Alpro Joghurtalternative auf Sojabasis, Natur mit Hafer, 500 g",a,4,0,1,0
fawakih mangue 900ml,e,4,0,5,3
Sauce Arrabiata,d,4,0,4,3
"Chicorée & Café, RICORÉ® L'Original, Recharge de 180g",b,4,0,2,0
Cake & Choc,e,4,0,5,3
Mung Dal,e,1,0,5,1
"BN - Strawberry Cookies, 285g (10oz)",e,4,0,5,3
Suprême,e,4,0,5,3
Plain Bagels,c,3,0,3,0
Pasta Barilla,a,1,0,1,1
Rana champignons ricotta,c,4,0,3,0
pomme poire,a,3,0,1,0
Beurre gastronomique demi-sel,e,2,0,5,3
THIN-SLICED ORGANIC BREAD,b,4,0,2,0
Secret d'arômes plein sud,e,4,0,5,3
Petit nesquik,d,4,0,4,3
Lait vit d,b,1,0,2,1
SAINT ANTONIN Eau Minérale Naturelle Naturelle 1 L,a,1,0,1,1
Nesquik Original,d,4,0,4,3
Camembert,d,3,0,4,3
"Le petit suisse gervais nature 9,5% 60 g x 6",c,3,0,3,0
Fjord nature 125 g x 4,c,4,0,3,0
Sucre en poudre,e,1,0,5,1
Hohos,e,4,3,5,2
Pesto alla Genovese,d,3,0,4,3
Pâte feuilletée,e,3,0,5,3
Peanut Butter Protein Bars,c,4,0,3,0
Sergio,e,4,0,5,3
Tortillas Trigo,c,4,0,3,0
Houmous bio,c,3,0,3,0
SCHOKOLADE,e,4,0,5,3
Pan de Molde 100% Integral,a,4,0,1,0
cracotte,d,4,0,4,3
Activia bifidus saveur vanille sans arome artificiel 125 g x 4,c,4,0,3,0
Konfitura Morelowa 240g*EL Baraka*,d,4,0,4,3
Flocons d'avoine,a,1,0,1,1
LOTUS BISCOFF Speculoos Original Pocket - 186g (12x2p),e,3,0,5,3
قشدة طرية,d,1,0,4,1
Top cookies,e,4,0,5,3
Rye and Mixed Seed Sourdough Bread,a,3,0,1,0
Jus de cranberry,c,4,0,3,0
Avena Crunchy Cacao,a,4,0,1,0
Nature valley crunchy oats and berries,d,4,0,4,3
Petits Muffins Chocolat,e,4,0,5,3
Excellence Noir Sésame Grillé,e,4,0,5,3
Frischkäse Original Philadelphia,d,4,0,4,3
Nectar Orange,e,4,0,5,3
Parmentier de canard,c,3,0,3,0
Kichererbsen,a,3,0,1,0
14 Gaufrettes saveur Cacao,e,4,0,5,3
BelVita Original Petit Déjeuner pépites de chocolat,c,4,0,3,0
Galette Épeautre Son d'Avoine,a,3,0,1,0
"Fromage blanc 3,2% de matière grasse",b,3,0,2,0
SOJA NATURE SANS SUCRES,b,1,0,2,1
Chocolat 85%,d,3,0,4,3
Boisson au soja nature bio,b,1,0,2,1
Ravioli bio au blé complet épinards ricotta burrata,c,4,0,3,0
skyr nature 460g,a,1,0,1,1
8 Pains au lait frais Bio à la farine complète 280g,c,4,0,3,0
SKYR Nature,a,1,0,1,1
Bio crackers Emmental et graines de courge,d,3,0,4,3
Pringles Original,d,4,0,4,3
Muesli croustillant 3 noix,b,3,0,2,0
fromage perly 64p,e,4,0,5,3
Nestle fitness protein cocoa 0% added sugar,a,4,0,1,0
Vinaigrette Balsamique Ciboulette - Echalotes,d,4,0,4,3
"Alpro Mandeldrink Weiß Ungesüßt, Ungeröstet 1 LT",b,4,0,2,0
бисквити шокочип без глутен,c,4,0,3,0
Pâte à pizza,c,4,0,3,0
Le Ravioli pur boeuf,c,4,0,3,0
Pavé complet 350g,b,4,0,2,0
Eau mineral 33cl aman,a,1,0,1,1
La Paille d'Or aux fraises,e,4,0,5,3
Mouliné de 10 légumes,c,4,0,3,0
BLE 70CL DELICES AGRUMES PULCO,c,4,0,3,0
Cœur de Tournesol,c,2,0,3,1
FITNESS CHOC Barres Céréale 6x23.5g,c,4,0,3,0
Cornichons aigres-doux Recette Paysanne,c,4,0,3,0
Ovomaltine crunchy,e,4,0,5,3
Biscuits à l'orange Orange et au graines de Chia,c,4,0,3,0
Skyr nature 0%,a,1,0,1,1
Confiture abricot,c,4,0,3,0
Sauce basilic aux tomates fraîches de saison,a,4,0,1,0
"Flocons d'avoine, paquet 500g",a,1,0,1,1
50G RICOLA CITRON MELISSE,b,4,0,2,0
Céréales Granola Noix & Graines 350G,a,3,0,1,0
Desconocido,e,1,0,5,1
Pain de mie grandes tranches nature sans sucres ajoutés 500G,c,4,0,3,0
Coco Pop’s Chocos,c,4,0,3,0
Desconocido,b,4,0,2,0
Шоколад с 6% парченца малини,c,4,0,3,0
Allumettes de Jambon,d,4,0,4,3
Galettes aux 4 céréales.,a,3,0,1,0
Biscuit muesli avoine Gerblé,b,4,0,2,0
"Orge, lentilles vertes, riz rouge au naturel",a,3,0,1,0
"Tendres carrés de blé aux aubergine, poivron,  basilic",b,4,0,2,0
Spaghetti au Quinoa Tomate,a,4,0,1,0
Ketchup,d,3,0,4,3
Confiture fruits rouges intenses,d,4,0,4,3
Sucre Complet Muscovado,e,2,0,5,3
Sauce apéritif Guacamole,b,4,0,2,0
Sweet & saltynut,d,4,0,4,3
Sriracha Sauce Hot Chilli Sauce,e,4,0,5,3
Pulpy pècne,e,4,3,5,2
ST YORRE Eau Minérale Naturelle Naturellement Gazeuse 1.15 L,a,1,0,1,1
Mayonnaise,c,4,0,3,0
HERTA LE BON PARIS Jambon sel réduit x4 - 140g,c,4,0,3,0
Cocktail Natural,c,1,0,3,1
Muesli 4 nuts,c,4,0,3,0
Pommes noisettes,c,4,0,3,0
Noisette sans sucres,c,3,0,3,0
pringles hot & spicy,d,4,0,4,3
Sucre cassonade,e,2,0,5,3
Rollitos de canela IKEA,d,4,0,4,3
Granola l'original,e,4,0,5,3
Maxi Cheese Burger,d,4,3,4,2
Soja vanille,b,4,0,2,0
Multivitamin Capri-Sun,d,4,0,4,3
Céréales Special K Kellogg's Nature,c,3,0,3,0
"Soupe Thai  (Nouilles, champignons et pousses de soja)  د تای سوپ",c,4,0,3,0
Skyr Nature,a,3,0,1,0
Whaou - 8 Crêpes Chocolat,e,4,0,5,3
Yogur griego ligero,a,4,0,1,0
Twix,e,4,0,5,3
Chocolate negro 99% cacao,d,3,0,4,3
Danone max red fruit,e,1,0,5,1
FRUT MAX,e,4,3,5,2
Desconocido,b,1,0,2,1
Pâtes fraîches jambon cru,d,4,0,4,3
,e,4,0,5,3
Pétillante saveur citron,b,4,0,2,0
Bretzels d'Alsace maxi,d,3,0,4,3
Sardines à la tomate,c,3,0,3,0
Soja cuisine semi-épais bio,b,4,0,2,0
"Gerblé - Choco Hazelnut Filled Cake, 200g (7.1oz)",d,4,0,4,3
SIROP D'AGAVE BIO 250mL,d,1,0,4,1
Fromage Blanc Nature 0%,a,3,0,1,0
Fromage blanc,b,3,0,2,0
Lentilles cuisinées aux petits légumes,c,3,0,3,0
Chips Paysanne,c,3,0,3,0
Emmental râpé,d,3,0,4,3
Nutella,e,4,0,5,3
Lait fermenté,b,1,0,2,1
Raib banan sghir,e,4,0,5,3
FA-BU-BLEU,c,1,0,3,1
"Parmentier de saumon, sauce ricotta épinards",c,3,0,3,0
Biscuits caramel épeautre,c,4,0,3,0
Pizza,c,3,0,3,0
Havarti light,c,3,0,3,0
Gazpacho l'original,a,3,0,1,0
Wraps Multigrains,a,4,0,1,0
جبن طازج,d,1,0,4,1
Pain grillé au blé complet - BIO,c,3,0,3,0
Brioche tranchée,d,4,0,4,3
Pomme vanille,b,4,0,2,0
Quaker Cruesli Chocolat noisette,c,4,0,3,0
Le Biscuit De Natty,e,4,0,5,3
4 Röstis de légumes et cheddar,b,3,0,2,0
Carottes râpées au jus de citron de sicile,a,4,0,1,0
La Vicoise saveur sel de mer,c,3,0,3,0
Croustillant Nature,b,3,0,2,0
GREEK STYLE PLAIN,a,4,0,1,0
NESQUIK Poudre Cacaotée boîte 500g,d,4,0,4,3
Double concentre de tomate,a,1,0,1,1
Saint Moret bio,d,4,0,4,3
Poêlée Paysanne 750g,a,4,0,1,0
Huile d'olive vierge extra Classico,b,2,0,2,1
HERTA TARTE EN OR Pâte Feuilletée sans huile de palme 230g,d,3,0,4,3
Houmous,a,3,0,1,0
kelloggs corn flakes,d,3,0,4,3
Atún claro en aceite de oliva,c,3,0,3,0
Lays,c,3,0,3,0
TAM THON - Huile,a,3,0,1,0
Tarama Extra,d,4,0,4,3
Napoletana,a,4,0,1,0
Kinder Maxi,e,4,0,5,3
Sauce Tomate Napolitaine,a,4,0,1,0
Activia bifidus saveur citron,c,4,0,3,0
3D's Bugles goût nature,e,4,0,5,3
CHAUSSEE AUX MOINES 340g,d,3,0,4,3
Pâtes farcies aux légumes à la sauce tomate bio,c,3,0,3,0
Yaourt chèvre nature,c,1,0,3,1
4 Galettes de blé noir,c,3,0,3,0
Coconut milk,e,4,0,5,3
Daya Ananas Coco,b,3,0,2,0
margarine vital 400 g,b,4,0,2,0
Pepsi 2L,e,4,3,5,2
Sauce tomate basilic,a,4,0,1,0
Peripella,e,4,0,5,3
Total 0%,a,1,0,1,1
Skyr mangue passion,b,3,0,2,0
Mais klein,b,3,0,2,0
Cereal mix 0% azúcares añadidos,c,4,0,3,0
Huile d'olive vierge extra,b,2,0,2,1
Madeleines extra moelleuses nature x 24 sachets individuels Ker Cadélac,d,4,0,4,3
,b,1,0,2,1
Filet de sardine,c,3,0,3,0
"Purée lentilles corail, potimarron",a,3,0,1,0
Roquefort Société,e,3,0,5,3
Galettes pur beurre,e,3,0,5,3
Fourrés Myrtilles,e,4,0,5,3
Pain de mie sandwich complet 550g,b,4,0,2,0
Dessert végétal Noisette-Amande 4 x 100 g,c,4,0,3,0
Quinoa poulet et sésame,a,3,0,1,0
Chips Nature l’Originale Nutriscore B,c,3,0,3,0
Houmous,c,3,0,3,0
Lentilles façon petit salé,b,4,0,2,0
Confiture de Fraise,d,4,0,4,3
Fawakih mchmach khokh,e,1,0,5,1
Majoneesi,d,4,0,4,3
Petits pains grillés à l'épeautre,a,3,0,1,0
Haché végétal Façon Bolognaise au soja,a,3,0,1,0
Oreo chocolate,e,4,0,5,3
Bio crackers épeautre et 3 graines,d,3,0,4,3
Thon entier au naturel Albacore,a,3,0,1,0
Sticks et Bretzels d'Alsace,d,3,0,4,3
Dolce Pizza - Regina,c,4,0,3,0
Yaourt à la vanille bio,c,4,0,3,0
Tzatziki Extra,c,4,0,3,0
"Risotto poulet & cèpes, crème fraîche, petits oignons",c,4,0,3,0
Thon a lhuile,a,3,0,1,0
Lait demi-écrémé,b,1,0,2,1
Chocolat noir 72% cacao,e,4,0,5,3
Pâte à tartiner bio - 40% noisettes - Chocolat Noir,e,3,0,5,3
Végétal falafels pois chiches coriandre,a,4,0,1,0
Filets de tofu à la japonaise,b,3,0,2,0
Eau minérale Ifri,a,1,0,1,1
NESTLE DESSERT Lait,e,4,0,5,3
Pâte à tartiner noisette cacao,e,4,0,5,3
Kefir Natural Fermented Yogurt,b,1,0,2,1
High Protein Drink Gusto Vaniglia,d,4,0,4,3
Curry thaï,a,3,0,1,0
Brioches barre chocolat au lait,e,4,0,5,3
,e,1,0,5,1
Crêpes bretonnes,e,4,0,5,3
BARILLA TAGLIATELLE 500g,a,1,0,1,1
High Protein Frutas con Trozos,a,4,3,1,2
wheels,e,4,0,5,3
Jamón cocido lonchas,e,4,0,5,3
Muesli bio noix & graines,a,3,0,1,0
6111259347106,e,1,0,5,1
Haricots rouges d'aucy 250g,b,3,0,2,0
Tofou Nature,a,3,0,1,0
Beurre plaquette AOP doux,e,2,0,5,3
DUO DE QUINOA AUX LEGUMES,b,3,0,2,0
Abtal,e,4,0,5,3
Lait Demi écrème Uht Jaouda,b,1,0,2,1
,b,2,0,2,1
Joly,a,3,0,1,0
Confitura de fresas 0% azúcares añadidos,a,4,0,1,0
Mélanges de fruits,d,4,0,4,3
Pipas tostadas gigantes aguasal,a,3,0,1,0
Pan de molde 12 cereales y semillas,b,4,0,2,0
REAL MAYONNAISE,c,4,0,3,0
Sticks Bretzels d'Alsace L'original,d,3,0,4,3
Skyr vanille,b,4,0,2,0
Grissini artigianali,c,3,0,3,0
Croustillant chocolat,c,3,0,3,0
Excellence Noir Suprême Corsé 70% Cacao,e,3,0,5,3
Brioche Muffin x 5 250g,c,4,0,3,0
"Jambon Supérieur sans couenne Conservation Sans Nitrite - x4 tranches,140g",c,4,0,3,0
St hubert omega 3 255 g demi sel,d,4,0,4,3
Huile d\'olive,b,2,0,2,1
Wheat Bisks,a,3,0,1,0
LES 2 VACHES YAOURTS BRASSES NATURE 115 G X 4,b,3,0,2,0
Greek 0% Fat Authentic Greek Yogurt,a,1,0,1,1
Bran Flakes,b,3,0,2,0
Comté,e,3,0,5,3
"Beurre d'Isigny doux, extra -fin",e,2,0,5,3
Céréales Muesli croustillant aux 4 noix paquet de 500g,c,4,0,3,0
Ratatouille à la provençale,a,3,0,1,0
Ricotta,c,4,0,3,0
Pain campagnard avec du sarrasin et de levain,c,4,0,3,0
Ghilal,d,4,0,4,3
St hubert omega 3 demi sel,d,4,0,4,3
Filets de maquereaux,b,1,0,2,1
Boisson végétale - Amande sans sucre,b,4,0,2,0
Croustillant fruits rouges,c,3,0,3,0
Epinards hachés à la crème,b,3,0,2,0
Yaos,c,1,0,3,1
pâte a tartiner cacao noisette,e,4,0,5,3
DINOSAURUS Chocolat,e,4,0,5,3
"PET 1,5L SCHWEPPES AGRUMES",d,4,3,4,2
Maille Cornichons Extra-Fins L'Original Bocal 380g,a,4,0,1,0
Coleslaw 320g,c,4,0,3,0
halta cucina,c,4,0,3,0
Nutella 950g,e,4,0,5,3
Aiguebelle,e,4,0,5,3
Ma Crème anglaise,c,4,0,3,0
Gaufrette chocolate waffer,d,4,0,4,3
Lachsforelle mild geräuchert in Scheiben,d,3,0,4,3
Beurre de cacahuètes Extra Crunchy,a,1,0,1,1
Bebida de Almendras Enriquecida con Calcio,c,4,0,3,0
Sablés Équilibre noisette,b,3,0,2,0
PHILADELPHIA ORIGINAL,d,4,0,4,3
Sourdough Wholemeal Ciabattin,b,4,0,2,0
Digestive avena chocolate con leche,e,4,0,5,3
Boulettes Veggie oignons et origan,a,4,0,1,0
,e,4,0,5,3
MAGGI Bouillon KUB Bœuf,c,4,0,3,0
Tartelettes framboise,e,4,0,5,3
Ficelles Olives Vertes et Noires,e,3,0,5,3
Chocolat 100% République Dominicaine,d,3,0,4,3
Pudding Sabor Avellana Avela,a,4,3,1,2
double concentré de tomates bio,a,1,0,1,1
Kiri 7.5g protein creamy cheese with fresh yogurt greek style,a,4,0,1,0
Lustucru girasoli tomate basilic mozzarella 250g,d,4,0,4,3
chergui sghir lait,b,1,0,2,1
lurpak plant based,d,2,0,4,3
Céleri rémoulade,c,4,0,3,0
Granola Chocolat Noir,e,4,0,5,3
Vitality pépites de chocolat,d,4,0,4,3
BJORG Pain grillé au blé complet,c,3,0,3,0
Sardines généreuses au piment,b,4,0,2,0
Torsades complètes,a,1,0,1,1
Quaker white oats,a,1,0,1,1
Lizis high protein granola nuts and seeds,c,4,0,3,0
Daya fraise sghira,e,4,0,5,3
Fakiat Barbeque,d,4,0,4,3
Tahin purée de sésame bio,d,1,0,4,1
Extra virgin olive oil,b,1,0,2,1
Macine mb 350g int. eu,d,4,0,4,3
Knorr Soupe Déshydratée Forestière Champignons & Oignons 3 Portions,c,4,0,3,0
Panzani - spf - sauce bolognaise pur boeuf 400g,b,4,0,2,0
Eau minérale naturelle,a,1,0,1,1
Milka oreo,e,1,0,5,1
AUTHENTIC GREEK YOGURT,c,1,0,3,1
Boulettes de pois chiches Patate douce Curcuma,c,4,0,3,0
Dahl,a,3,0,1,0
Linguine- Pâtes alimentaires de semoule et de blé dur 500G,a,1,0,1,1
Yogur Proteínas Natural 0%,a,1,0,1,1
Chocolate Extrafino 80% NOIR 0% azúcares añadidos,d,4,0,4,3
MAGGI Fond de Veau boîte 110g,b,4,0,2,0
ftoury berger duo,b,4,0,2,0
Muesli fruits secs amandes & noisettes,a,3,0,1,0
Merci,b,1,0,2,1
Sel et minéraux marins,e,3,0,5,3
Carrefour Bio Galettes de Maïs Salées,c,3,0,3,0
Vegan Spread,d,4,0,4,3
L'Authentique Vegan,b,4,0,2,0
THE ORIGINAL CARAMELISED BISCUIT SPREAD,a,4,0,1,0
Nicaragua grand cru waslala 75%,d,3,0,4,3
Classic BASIL PESTO,e,4,0,5,3
St hubert omega 3 255g demi sel,d,4,0,4,3
SOJA à la VANILLE,b,4,0,2,0
not milk,c,4,0,3,0
Ratatouille cuisinée à la provençale d'aucy 380g,a,3,0,1,0
P'tits pains façon bretzel,c,4,0,3,0
Lätta,c,4,0,3,0
Pâte à tartiner protéinée Pistache,b,4,0,2,0
Biscuits,d,4,0,4,3
Capellini Nr. 1,a,1,0,1,1
Grissini Artigianali Romarin,d,3,0,4,3
Campagnard Sans gluten et sans lactose,b,4,0,2,0
Kombucha Pêche,c,4,0,3,0
danone 0%,b,1,0,2,1
Reiswaffeln mit Meersalz,b,3,0,2,0
Grany Fraise 🍓 & Framboise,c,4,0,3,0
Chocolat au lait du Pays Alpin,e,4,0,5,3
Courgettes à la Provençale 1/4,a,3,0,1,0
Lentilles cuisinées graisse canard,b,4,0,2,0
Cassoulet au Canard,b,3,0,2,0
Galettes de Sarrasin préparées en Bretagne,c,3,0,3,0
"Fromage frais nature 3,2% 4x100g",a,3,0,1,0
Pain tranché au seigle 500g,b,4,0,2,0
4 portions de Colin d'Alaska,a,4,0,1,0
"Aiguillettes de poulet à la moutarde et au citron, écrasée de pommes de terre et carottes",a,4,0,1,0
Chocolat noir 80% - Équateur,d,3,0,4,3
10 Pains au lait au levain,d,4,0,4,3
Brandade de Morue parmentière 2 personnes,c,4,0,3,0
Ferrero rocher,e,4,0,5,3
Maille Mini Cornichons Petits Croquants Bocal 210g,c,4,0,3,0
Activia muesli graines de chia framboise,b,4,0,2,0
Brassé abricot mchmach,c,1,0,3,1
Danette chocolat 125 g x 4,c,4,0,3,0
Quaker Cruesli Chocolat au lait maxi format,d,4,0,4,3
"Les Tendres Carrés blé, petits pois, courgette & curry",a,4,0,1,0
Gerblé Myrtille sans sucres ajoutés 320g,a,4,0,1,0
"Bonne Maman - Petits Cakes Fruits, 300g (10.6oz)",e,4,0,5,3
Ice tea saveur pêche,d,4,3,4,2
Pain spécial Vollkornbrot au seigle 500g,b,1,0,2,1
Sardines au naturel,b,3,0,2,0
"Poulet sauce citron vert et coriandre, purée de patate douce",c,4,0,3,0
Yaourt au Soja Citron,b,4,0,2,0
Caesar Poulet rôti,b,4,0,2,0
Tartines craquantes bio à la châtaigne sans gluten,c,1,0,3,1
Pur jus de citron,b,1,0,2,1
Coquillettes semi-complètes,a,1,0,1,1
Biscuits craquants saveur citron,c,4,0,3,0
Greek Style Natural Yogurt,a,1,0,1,1
"Pur jus de 6 fruits pressés myrtille, cassis, pomme, cranberry",c,1,0,3,1
Poms,e,4,3,5,2
Jibal,b,1,0,2,1
"Chicorée & Café, RICORÉ® Noir Intense, Boîte de 240g",c,4,0,3,0
Classic extra virgin oil,b,2,0,2,1
Lait de coco fluide,e,4,0,5,3
"Alpro Fermentiertes Sojaprodukt, Ungesüßt, Skyr style 400g",a,4,0,1,0
La Vache Qui Rit Edam,e,1,0,5,1
Le Parmentier de Boeuf Charolais purée à la crème fraîche,c,3,0,3,0
La Poêlée Champêtre 950g,a,4,0,1,0
Protein Mix mit Nüssen & Sojabohnen,d,3,0,4,3
Crunchy Peanut Butter,a,3,0,1,0
Girasoli Potiron & Petits Oignons Grillés Plaisir du Primeux,b,4,0,2,0
Sweet & Salty Nut - Chocolat noir et mélange de noix,d,4,0,4,3
Creme légère liquide 12%,d,4,0,4,3
"Beurre de cacahouète sucré , a tartiner",a,3,0,1,0
HERTA KNACKI Saucisses 100% pur porc x6 - 210g,e,4,0,5,3
Recette à l'ancienne,d,3,0,4,3
"Gran Cereale classico, Fiocchi d avena, farrone orzo",c,4,0,3,0
Thé vert menthe intense menthe verte & menthe poivrée,b,4,0,2,0
Tofu cuisiné pesto et graines de courges,a,3,0,1,0
EXTRA VIRGIN OLIVE OIL,b,2,0,2,1
Avoine Bio,c,3,0,3,0
"RICORE Original, Café & Chicorée, Boîte 200g",b,4,0,2,0
Yaourt Grec,c,3,0,3,0
Riz au Lait Vanille de Madagascar 2 x 160g,c,3,0,3,0
Grainéa Muesli pépites croustillantes chocolat noir,c,4,0,3,0
Protein Thin Bagels,a,4,0,1,0
Gazpacho fresco,b,3,0,2,0
Pain lait bio* far complet x8 280g,c,4,0,3,0
Bounty 2er,e,4,0,5,3
Desconocido,a,1,0,1,1
Coquillettes,a,1,0,1,1
Yaourt brassé vanille,b,1,0,2,1
biscuit chocolat au lait,e,4,0,5,3
Crema da pistacchio,d,4,0,4,3
croquant miel sésame,d,4,0,4,3
Biscuit sésame BIO,d,3,0,4,3
MADELEINE CITRON,e,4,0,5,3
,b,3,0,2,0
Bâtonnets de surimi,c,4,0,3,0
Le Filet de Poulet et ses Pommes de Terre à la Sarladaise,a,4,0,1,0
Lait amande intense bio,c,4,0,3,0
Nouilles en nid,a,1,0,1,1
Monster Ultra White,c,4,3,3,2
Nectar Mangue,e,4,0,5,3
Amora Sauce Samouraï 255g,d,4,0,4,3
jibal nature,b,1,0,2,1
Crunchy Toasts Seigle complet & sésame,a,3,0,1,0
Apple & raisin oat bars,e,3,0,5,3
Bio napitak od zobi,c,3,0,3,0
Филаделфия,d,3,0,4,3
Yaourt Coco,a,4,0,1,0
Boulgour tradition,a,1,0,1,1
Chips chili,c,3,0,3,0
Pan integral,a,4,0,1,0
Pain complet au sarrasin,a,4,0,1,0
Albane,b,4,0,2,0
Saint Agaûne fine saveur de viande séchée,e,4,0,5,3
HERTA KNACKI Saucisses 100% pur porc x10 - 350g,e,4,0,5,3
Maille mout vdt eau 245g,e,3,0,5,3
Yaourt brassé sans sucre,a,1,0,1,1
Yaourt brassé nature,b,4,0,2,0
100% trigo espelta integral,c,3,0,3,0
Weetabix Crispy Minis Chocolate Chip,b,4,0,2,0
Toast crock' céréales complètes,c,3,0,3,0
Nutty Granola,b,4,0,2,0
Dark Chocolate,d,4,0,4,3
Croustillant fibres,b,4,0,2,0
Muesli Crunchy 0%,a,4,0,1,0
Fischstäbchen,b,3,0,2,0
Sauce soja salée,e,3,0,5,3
Ravioles du Dauphiné LABEL ROUGE IGP 240g,d,3,0,4,3
8643729134216,e,4,0,5,3
Kichererbsen,a,3,0,1,0
"Beurre de cacahuètes, 350g",c,4,0,3,0
Soja protéines,b,4,0,2,0
"Biscuits Nutella x3 biscuits fourrés - 41,4g",e,4,0,5,3
Galettes au riz complet BIO 130g,b,3,0,2,0
CHAUSSEE AUX MOINES 450g,d,3,0,4,3
Snack Pipas,d,1,0,4,1
Nouilles aux crevettes,d,3,0,4,3
Pesto basilic roquette basilicum en rucola,d,4,0,4,3
10 pains au lait,d,4,0,4,3
Coulommiers 21%,d,3,0,4,3
,e,4,0,5,3
Fusilli Protein + Barilla 400g,a,1,0,1,1
Jao! تروبيكال,c,4,0,3,0
Spicy Chili Paste,e,4,0,5,3
Orangina zéro,c,4,3,3,2
Falafels pois chiches épinards menthe,a,3,0,1,0
Le Pâté Hénaff,d,3,0,4,3
La brique pur brebis,d,3,0,4,3
Boursin® Onctueux Ail & Fines Herbes,d,3,0,4,3
Miel l'Apiculteur Montagne,d,2,0,4,3
Le Jambon Supérieur à l'Étouffé,c,4,0,3,0
Paëlla royale aux petites gambas et au safran,b,3,0,2,0
Sardines généreuses à la tomate sans huile,a,4,0,1,0
Pizza 4 saisons,c,3,0,3,0
Tranches panées de Colin d'Alaska MSC,a,4,0,1,0
Pate à tartiner cacao aux éclats de crêpe dentelle,e,4,0,5,3
Pêche morceaux généreux,a,4,0,1,0
Pâte à tartiner noisettes grillées,d,4,0,4,3
100% oranges sans pulpe,c,1,0,3,1
Perrier fines bulles,a,4,0,1,0
Mozzarella,c,3,0,3,0
Yaourt à boire sucré aromatisé,d,4,0,4,3
Pan de Molde Semillas & Pipas,c,4,0,3,0
SKYR Lidl,a,1,0,1,1
Pâte à tartiner choco noisette,d,4,0,4,3
"Couscous semoule, falafels, courgettes, carottes, céleri",b,4,0,2,0
Blanc de dinde 100% Filet,a,4,0,1,0
"Gerblé - No Sugar Added Apple Blackcurrant Cake Filling, 180g (6.4oz)",c,4,0,3,0
Bebida de arroz y avellana,c,4,0,3,0
Benco,d,4,0,4,3
Spécial petit-déj à l'avoine,c,4,0,3,0
Huile d'Olive Vierge Extra,b,2,0,2,1
friends will be friends,e,4,0,5,3
Le Bon Paris -25% de sel,c,4,0,3,0
Confiture extra myrtille,d,4,0,4,3
Galettes épeautre,a,3,0,1,0
Tabasco rouge 60ml,a,3,0,1,0
Yogur natural con azucar de caña,c,4,0,3,0
Gnocchi à poêler,c,3,0,3,0
Sabroz arroz integral,b,4,0,2,0
María dorada 0%,d,4,0,4,3
YOP Parfum Vanille,b,4,0,2,0
Thon entier au naturel,a,3,0,1,0
Croustillant fruits et noix,b,4,0,2,0
Lait d’avoine Fibres,c,4,0,3,0
Tofu fumé amandes sésame,c,3,0,3,0
Super Seeded Oatcakes,d,3,0,4,3
Fette croccanti con sesamo,b,3,0,2,0
Knorr Soupe Minestrone à l'Huile d'Olive 104g 4 Portions,c,4,0,3,0
Chocolat,c,3,0,3,0
Crème fraîche gastronomique,d,1,0,4,1
Céréales gourmandes,a,1,0,1,1
Penne au Poulet et au Pesto,c,3,0,3,0
L'Extra Noir Chocolat noir 90%,d,4,0,4,3
Avoines,b,1,0,2,1
P'tit déj bio céréales et chocolat,d,3,0,4,3
Chocolat noir 85% Madagascar,d,3,0,4,3
primfrais,d,3,0,4,3
Nutella,e,4,0,5,3
Malt Wheats Toasty Crunch,a,4,0,1,0
Pescada,a,1,0,1,1
لينيا,a,4,0,1,0
Sesam,a,1,0,1,1
Huile d'olive vierge extra Bio Delicato,b,2,0,2,1
Lait de coco,e,4,0,5,3
Muesli Crunchy Fruta,d,4,0,4,3
Elle & vire creme fleurette entiere 31%mg brique 33cl,d,4,0,4,3
فول زبده,b,3,0,2,0
Yaos yaourt à la grecque vanille,c,4,0,3,0
mejora,e,4,0,5,3
Chocolat gianduja,e,4,0,5,3
Kefir,a,1,0,1,1
Puck,e,1,0,5,1
Cornichons,b,1,0,2,1
yogo fraise,e,1,0,5,1
Houmous,c,3,0,3,0
Galettes de lentilles vertes courgette menthe,b,4,0,2,0
Fawakih,e,1,0,5,1
Mes Carottes râpées à la Ciboulette,a,4,0,1,0
Pâte feuilletée,d,4,0,4,3
La Tartinata Pistacchio,e,4,0,5,3
beurre jaouda 100g,b,2,0,2,1
Krounchy proteines chocolat noir,a,3,0,1,0
Brioche Pépites de Chocolat,d,4,0,4,3
Toffifee weiß,e,4,0,5,3
Tortitas de maíz sabor jamón serrano,d,1,0,4,1
Confitura de Fresa 0%,a,4,0,1,0
Pain complet 3 céréales,a,3,0,1,0
"Apă minerală naturală, natural carbogazoasă",a,1,0,1,1
Extra chocolate y avellanas,e,4,0,5,3
280G HARIBO CROCO,d,4,3,4,2
Le Supérieur - à l'Etouffée,c,4,0,3,0
Le yaourt nature,b,1,0,2,1
Abtal,e,1,0,5,1
Knorr Soupe Déshydratée Douceur de 9 Légumes 3 Portions,c,4,0,3,0
Skyr Noisette,b,4,0,2,0
Baked Beans,a,4,0,1,0
Purée Délice Vert 780g,a,3,0,1,0
Petits Pains Grillés Au blé complet,a,4,0,1,0
Daco Bello Formule detente,d,4,0,4,3
Biscottes 6 cereales,c,4,0,3,0
Granola fruit strawberry cranberry cherry,c,4,0,3,0
FILLED MILK CHOCOLATE WITH A MILKY FILLING,e,4,0,5,3
Tofu rosso olives et tomates,d,3,0,4,3
Pâte À Tartiner Granola -  Cacao Noisette,c,3,0,3,0
Pain de mie au céréales et aux graines,b,4,0,2,0
Kalifornische Pistazien geröstet,a,1,0,1,1
thon Entier a l'huile végétale,d,3,0,4,3
Dunkle Ganze Mandel,e,4,0,5,3
DARK CHOCOLATE ALMOND & ORANGE,e,4,0,5,3
Biscuits son d'avoine,c,4,0,3,0
Lentilles préparées Cultivés en France d'aucy 265g,b,4,0,2,0
Sirop d'agave,d,1,0,4,1
Moelleux saveur citron,c,4,0,3,0
Couscous Grain Moyen,a,1,0,1,1
le Brie,d,3,0,4,3
Brioche vendéenne Igp,e,4,0,5,3
4 Muffins Nature,b,4,0,2,0
SAINT ELOI riz complet cuisson 10 mn étui 500gr,b,1,0,2,1
Galette bretonne pur beurre,e,3,0,5,3
Petits pains grillés au froment - 225g,c,4,0,3,0
Petits pains grillés au blé complet 400g,b,4,0,2,0
Lait demi écrémé UHT,b,1,0,2,1
Crackers bio emmental et graines de courge paquet de 200g,d,3,0,4,3
4 galettes fondantes pois chiches,c,3,0,3,0
Filets de maquereaux au naturel,b,3,0,2,0
Semoule au poulet,a,4,0,1,0
Curry de lentilles corail et légumes,a,3,0,1,0
Pate à tartiner noisette cacao,e,4,0,5,3
Paysan Breton - Beurre moulé doux,e,2,0,5,3
Puree de sésame - Tahin - Bio,d,1,0,4,1
Pomme Chataigne,c,4,0,3,0
Noir quinoa soufflé,e,4,0,5,3
Pain de mie Bio sans croûte à la farine complète sans sucres ajoutés 330g,b,4,0,2,0
Chocolat noir caramel pointe de sel,e,4,0,5,3
Roasted Peanut Butter,a,1,0,1,1
Dessert végétal citron vert,c,4,0,3,0
Prince goût chocolat,e,4,0,5,3
TUC Original,e,4,0,5,3
Crackers,d,4,0,4,3
cioccolato fondente e nocciole,d,4,0,4,3
Quaker Cruesli Frutta Secca,b,4,0,2,0
Buscalios,d,4,0,4,3
Goody cao,e,4,0,5,3
Star sauce salade au basilic,d,4,3,4,2
Rapeseed Oil,b,2,0,2,1
Le Rougail Saucisse et son riz créole,c,3,0,3,0
Velouté de poireaux et pommes de terre,c,4,0,3,0
MAGGI Fond de Veau Dégraissé boîte 100g,b,4,0,2,0
Ghilal khokh mchmach,b,1,0,2,1
Eau minérale naturelle,a,1,0,1,1
Skyr nature au lait de brebis,a,1,0,1,1
Tomate triturado,a,3,0,1,0
Galettes Bretonnes,e,4,0,5,3
Zero calories Zero caffeine Zerosugar,c,4,3,3,2
Goûters fourrés à la framboise,d,4,0,4,3
Tchico xxl,d,1,0,4,1
Petits pains ble complet,c,4,0,3,0
La barquette (chocolat),e,4,0,5,3
Mascarpone,d,3,0,4,3
Comté 15 mois,d,3,0,4,3
Hummus Classic,c,4,0,3,0
Kokosöl,e,1,0,5,1
MACCHERONI N°44,a,1,0,1,1
"Lasagnes saumon, epinard",c,3,0,3,0
Chocolate 52% especial postres,e,4,0,5,3
Goldessa Original Cheese spread,d,4,0,4,3
HERTA LE BON PARIS Jambon à l'étouffée sans nitrite x8 -280g,c,4,0,3,0
Chips saveur poulet rôti,c,4,0,3,0
,b,3,0,2,0
Pure Life,b,1,0,2,1
Mirinda POMME 1.5l,e,1,0,5,1
Oven Baked Sweet Potato Fries,c,3,0,3,0
Pétales de blé complet et riz nature 300g,c,3,0,3,0
Skyr Stracciatella,b,4,0,2,0
Skyr bio,a,1,0,1,1
"Danone fromage blanc 3,2% de mg nature 100 g x 8",a,1,0,1,1
Légumes à la basquaise,a,3,0,1,0
Boisson végétale noisette 1l,d,3,0,4,3
Pain campagnard sans gluten,c,4,0,3,0
Sirop d’Agave,e,1,0,5,1
,c,4,0,3,0
6111126004347,b,4,0,2,0
Original Knacki 100% Pur Porc -25% de sel,d,4,0,4,3
Pinsa 230g,d,3,0,4,3
Galletas con edulcorantes 0% Digestive,c,4,0,3,0
PRIMEVÈRE,d,4,0,4,3
Nairns cheese oatcakes,e,3,0,5,3
Gebraden Ham / Jambon Rôti,c,4,0,3,0
Glico Mikado & Go - Chocolat au lait,e,4,0,5,3
Sablé des FLANDRES,e,3,0,5,3
Pomme morceaux sans sucre ajoute,a,1,0,1,1
Lustucru gnocchi a poeler extra fromage maxi 500g,c,4,0,3,0
Petits Pois et Carottes 4/4,a,4,0,1,0
Miel de fleurs Crémeux Pot Plastique 500g,e,2,0,5,3
Comté 8 tranches,d,3,0,4,3
Tronches de cake - Moelleux Chocolat,e,4,0,5,3
President emmental rape fondant 500g,d,3,0,4,3
Fromage blanc 0%,a,3,0,1,0
Carottes,a,4,0,1,0
Forme & Fruits rouges,c,3,0,3,0
Petit beurre,e,3,0,5,3
Cérécof,a,1,0,1,1
La noisette,c,4,0,3,0
2 Galettes au sarrasin champignon jambon emmental,c,4,0,3,0
Velouté courge butternut carotte navet jaune,c,3,0,3,0
Cornichons Extra-fins aux 5 épices et aromates,b,4,0,2,0
St Môret Léger 8% MG.  bolv,c,4,0,3,0
Guacamole,b,4,0,2,0
SOJA Cuisine fluide,c,4,0,3,0
,c,4,0,3,0
Confiture extra fraise bio,d,4,0,4,3
Tortillas Chips,c,3,0,3,0
Croc choc,e,4,0,5,3
Jardin bio soupe veloutée,b,3,0,2,0
"Baked Beans in a Rich, Thick, Tomatoey Sauce",a,4,0,1,0
Cashew Kerne Nüsse,b,1,0,2,1
Super smoothie energy,d,1,0,4,1
Monster Energy,e,4,3,5,2
Coca-Cola Zero Sugar 25cl,c,4,3,3,2
Thé noir glacé saveur pêche intense,c,4,0,3,0
Great Mayonnaise,c,4,0,3,0
Maria Biscuits,d,4,0,4,3
SAUCE AMERICAN BURGER,e,4,0,5,3
Wholemeal Pittas,a,3,0,1,0
Œufs,a,1,0,1,1
Totas,e,4,0,5,3
Yaourt cereal,e,1,0,5,1
Galleta crocant con copos de avena zero,b,4,0,2,0
Krit crackers,d,4,0,4,3
Crak's,e,1,0,5,1
Granula baies de goji,a,4,0,1,0
Haricot verts,a,3,0,1,0
Gullon zero Snack Choco,c,1,0,3,1
Lemon Blueberry Oat Boosts,c,4,0,3,0
Pan de molde cereales sin gluten,c,4,0,3,0
La galette fourrée,e,4,0,5,3
Kiri Fouetté Pot,d,3,0,4,3
Croutons de pains croustillants,d,4,0,4,3
Falafels,a,3,0,1,0
Becel Vital,c,4,0,3,0
Houmous aux pois chiches et pâte de sésame,b,3,0,2,0
TOMATO KETCHUP,c,3,0,3,0
Noir,e,4,0,5,3
Piada sfogliata,d,3,0,4,3
Jus de pomme pur jus,c,1,0,3,1
Lactofermented Vegetable Cocktail,b,3,0,2,0
Rillettes du Mans sans graisse ajoutée,e,3,0,5,3
Mini brioches tressées,d,4,0,4,3
"Bonne Maman - Mirabelle Plum Jam, 370g (13oz)",d,4,0,4,3
Pâte arachide,a,4,0,1,0
Rotella,e,4,3,5,2
Le Grand Nature sans gluten,b,4,0,2,0
Steaks hachés 5%MG,b,1,0,2,1
Nouilles de blé instantanées saveur poulet,c,4,0,3,0
Suédois - Duo de saumon,c,4,0,3,0
MOUTARDE DE BOURGOGNE IGP,e,3,0,5,3
8 Tortillas Blé et maïs,c,4,0,3,0
Coquillettes au Jambon et au Fromage,c,3,0,3,0
Saveur du Mexique - 6 wrapes de blé nature,c,4,0,3,0
Corn Flakes,c,3,0,3,0
Tartine croustillante seigle paquet de 250g,b,3,0,2,0
Crème fraîche épaisse Entière 30% Mat.Gr.,d,1,0,4,1
Muesli croustillant tradition,c,3,0,3,0
Velouté de Légumes saveur du Sud,b,3,0,2,0
Muesli floconneux fruits secs Raisins figues abricots graines,a,3,0,1,0
Chocolat noir dessert bio,e,4,0,5,3
Beurre moulé AOP doux,e,2,0,5,3
Sauce tomate au basilic,a,4,0,1,0
Les tartinables délice d'artichauts,c,3,0,3,0
Canadian maple syrup,d,2,0,4,3
Colman's English Mustard,e,4,0,5,3
Mouliné d'antan aux légumes verts Bio,b,3,0,2,0
Soba Cup Noodles Teriyaki,d,4,0,4,3
Tchicolata,e,4,0,5,3
Thé,e,1,0,5,1
"Sardines à l'huile de soja aux légumes, piment et épices",a,3,0,1,0
HERTA KNACKI Saucisses 100% Poulet x6 - 210g,d,4,0,4,3
Cuor di cereale,d,4,0,4,3
Cocktail Tropical Multivitaminé,c,1,0,3,1
Mini Original,d,3,0,4,3
Grissini Torinesi,d,4,0,4,3
Houmous - BIO - 160g,b,3,0,2,0
Ladid fraise,b,1,0,2,1
Aïn saïss citron citron vert,b,1,0,2,1
Nouilles de riz,a,1,0,1,1
"Alpro Haferdrink, Ungesüßt 1 L, FRESH",c,4,0,3,0
,d,4,0,4,3
Légumes  et vermicelles,c,4,0,3,0
Peter's Yard Original Sourdough Crackers,c,3,0,3,0
Lurpak Spreadable,e,2,0,5,3
72% Noir intense,e,4,0,5,3
Danone veloute fruix panache 125 g x 16,c,4,0,3,0
Mayomix,c,2,0,3,1
Lait de coco,e,1,0,5,1
Velouté  légumes et crème,c,3,0,3,0
RIZ NOISETTE Sans sucres ajoutés**,d,3,0,4,3
Ginger Beer,d,4,3,4,2
Donut,e,4,0,5,3
Silvia Duo Cacao,e,4,0,5,3
Miel,e,2,0,5,3
Filets de maquereaux - sauce moutarde de Dijon bio,c,4,0,3,0
Beau & bon seigle,a,4,0,1,0
Galettes de riz complet 130g,b,3,0,2,0
Potiron Patate douce Châtaigne,b,3,0,2,0
Fromage fouetté,d,4,0,4,3
Beurre doux,e,2,0,5,3
Croutons de pain croustillant,a,4,0,1,0
Fourrés cacao,e,3,0,5,3
hacendado+proteinas,b,1,0,2,1
Pâte à tartiner aux noisettes,e,4,0,5,3
6111246954560,c,1,0,3,1
"Knorr Soupe Liquide Bio Mouliné de Tomates, Oignons et Pointe Thym 1L",a,4,0,1,0
Bâton de Berger Mini nature,e,4,0,5,3
"Chicorée & Café, RICORÉ® L'Original, Recharge de 290g",b,4,0,2,0
Choco Bollz,c,4,0,3,0
NESTLE FITNESS Chocolat Noir Céréales 450g,c,4,0,3,0
15,d,3,0,4,3
Rice cracker paprika,c,4,0,3,0
Melty - Be,e,4,0,5,3
Biscuits Croquants Avoine Chocolat,c,4,0,3,0
Yogur Natural de Cabra,b,1,0,2,1
Segmen,d,3,0,4,3
Fonte Wella,a,1,0,1,1
Thon entier au naturel,a,3,0,1,0
Солети Златна Добруджа,d,4,0,4,3
Galettes de Pont-Aven,e,3,0,5,3
Premium Fruit & Nut Muesli,c,4,0,3,0
PROTEINES,d,1,0,4,1
Tagada,e,4,0,5,3
Desconocido,e,4,0,5,3
Desconocido,a,1,0,1,1
Dark Chocolate 70% Cacao,d,4,0,4,3
Creamy Peanut Butter,c,4,0,3,0
Tortillas,c,4,0,3,0
KNORR Bouillon de Légumes Sans Sel 8 Tablettes 72g,a,4,0,1,0
Choco Duo,e,4,0,5,3
Tomme de brebis,d,4,0,4,3
Beurre Gastronomique Doux,e,2,0,5,3
Tomaten passiert,a,3,0,1,0
yaourt nature,a,1,0,1,1
Crème Fleurette Entière Octueuse 30%,d,4,0,4,3
Miel l'apiculteur,e,2,0,5,3
Sablés Framboise Rooibos,b,4,0,2,0
Lulu La Barquette Framboise,a,4,0,1,0
creme d'asperge,c,4,0,3,0
Bolognaise,b,4,0,2,0
L'Originale - Farine de blé fluide T45,a,1,0,1,1
Haricots Happy Life,e,4,1,5,3
beurre président 1/2 sel,e,2,0,5,3
Lay's 3D's Bugles goût cacahuète,e,4,0,5,3
Lentilles et épeautre,a,3,0,1,0
Galettes au bon beurre,e,4,0,5,3
President emmental coeur de meule 500g,c,3,0,3,0
President emmental coeur de meule 400g,c,3,0,3,0
Soja chocolat,c,4,0,3,0
Sardines sauce tomate,a,3,0,1,0
Brioche tranchée,d,4,0,4,3
Tortilla chips nature,c,3,0,3,0
Muesli floconneux morceaux de fruits,b,4,0,2,0
Polenta Express Grains Moyens,b,1,0,2,1
Bâtonnets de préparation à base de chair de poisson saveur crabe - x30- 500g,c,4,0,3,0
Sardine huile olive v.e. pim d'Espelette 115g CBLE,c,3,0,3,0
Filet de poulet x 2,a,1,0,1,1
Brandade parmentier de morue,c,3,0,3,0
Fondue de poireaux,a,3,0,1,0
2 dos de cabillaud façon fish and chips,a,4,0,1,0
Pâte feuilletée,d,3,0,4,3
Lait de Montagne demi-écrémé,b,1,0,2,1
Petits pois à l'étuvée extra fins,a,1,0,1,1
Chili recette végétarienne,a,3,0,1,0
Riz complet soufflé,b,1,0,2,1
Flocons d'avoine sans gluten,a,1,0,1,1
Lait Bio  Engagé Entier,c,1,0,3,1
Tortellini Ricotta Epinards aux oeufs frais,c,4,0,3,0
Eau De Source De Montagne,a,1,0,1,1
Nuggets Végétariens,b,4,0,2,0
Madeleines coquilles bio,d,4,0,4,3
4 Pains Kebab,c,4,0,3,0
Sardines au citron & basilic,b,4,0,2,0
Fromage blanc au lait entier,c,3,0,3,0
Pâte feuilletée,e,4,0,5,3
Déli Matin Miel & Pépites de Chocolat,e,4,0,5,3
,a,1,0,1,1
Bouillon de légumes,e,3,0,5,3
Pure Irish Butter,e,2,0,5,3
Crunchy Peanut Butter,c,3,0,3,0
,e,1,0,5,1
Mascarpone 250g araai,c,1,0,3,1
Panaché Jibal,a,4,0,1,0
eau minérale naturelle,a,1,0,1,1
Classic Pesto,d,3,0,4,3
Butterkeks Petit beurre,e,4,0,5,3
Quinoa,b,1,0,2,1
Tomato ketchup,d,1,0,4,1
Cebolla frita,e,3,0,5,3
Garlic & Ginger Marinated Tofu,c,4,0,3,0
"low sugar granola whole grain oats, almonds & seeds",d,4,0,4,3
Minis leche,e,4,0,5,3
,a,1,0,1,1
Digestive,d,4,0,4,3
Costa D'oro olio extravergine di oliva,b,2,0,2,1
Flipo,e,4,0,5,3
"Linguine au Saumon et aux Épinards, sauce Citron Basilic",c,4,0,3,0
LAIT Noisettes entières,e,4,0,5,3
Yaourts nature au lait entier,b,3,0,2,0
Brassé citron au lait entier,c,4,0,3,0
Boisson biologique à l'avoine,d,3,0,4,3
Peanut Butter Smooth,a,1,0,1,1
"Bénénuts Plaisir brut Mélange de noix amandes, noix, cajous, noisettes",c,3,0,3,0
Greek style natural yogurt,c,1,0,3,1
Pain farine d'epeautre & graines 260g,c,4,0,3,0
malted wheaties,a,4,0,1,0
Tomates farcies & riz à la tomate,c,3,0,3,0
Maïs croquant Sans résidu de pesticides d'aucy 285g,b,3,0,2,0
panettone,e,4,0,5,3
Jutos,e,4,0,5,3
Le viennois,d,4,0,4,3
Petits beurre,e,3,0,5,3
Chips de Légumes,e,3,0,5,3
Lousra,b,2,0,2,1
Wraps Blé complet,c,4,0,3,0
Cranberry,d,4,0,4,3
L’authentique chips au sel de camargue,c,3,0,3,0
Surimi,c,4,0,3,0
Soft Pittas,b,4,0,2,0
Glace Vanille Bourbon,d,4,0,4,3
Hipro Mousse cacao,a,4,3,1,2
Skyr vanille,a,4,0,1,0
"Snacks poppés lentilles pois cassés et quinoa, sachet 70g",a,3,0,1,0
Bt nature,d,4,0,4,3
Yaourt Grec Nature,c,1,0,3,1
Maxi brassé,e,1,0,5,1
Ghayt Eau de Table,a,1,0,1,1
Full cream sweetened condensed milk في ١٠٠ غرام 271 سعرة حرارية,e,4,0,5,3
Soja douceur,b,3,0,2,0
Chergui créme de cuisson,d,1,0,4,1
daya 🥑 avocat kbir,c,3,0,3,0
Panier de Yoplait Abricot Nectarine,c,4,0,3,0
Le Gourmand Céréales et Graines,c,4,0,3,0
Diet coke,c,4,3,3,2
Chips paysanne nature,d,3,0,4,3
Frank's Red Hot Original,e,3,0,5,3
Knorr Soupe Liquide Mouliné de Légumes Variés 1L,c,4,0,3,0
Coconut Classic,d,4,0,4,3
CREME FRAÎCHE,d,1,0,4,1
Delikatess-Mayonnaise mit 80 % Rapsöl,c,2,0,3,1
"Pizza N°6 - Jambon, Speck, Roquette, Mozzarella",c,4,0,3,0
Riz aux Légumes du Soleil,b,4,0,2,0
Bebida Choco Avena,d,4,3,4,2
,e,1,0,5,1
Lentilles vertes cello,a,1,0,1,1
Elben Lait fermenté,b,1,0,2,1
L'original (fromage),d,3,0,4,3
Ratatouille A la provençale,a,3,0,1,0
Canadian Maple Syrup,e,2,0,5,3
Biscottes à la farine complète sans sucres ajoutés,c,4,0,3,0
Beurre bio demi sel,e,2,0,5,3
Chergui maxi brassé,c,1,0,3,1
Candy up goût chocolat,c,3,0,3,0
Milled Flaxseed,a,1,0,1,1
Huile d'olive verge extra,b,2,0,2,1
,e,4,0,5,3
Tresor,e,4,0,5,3
Flocons d'avoine,a,1,0,1,1
Rice Box Poulet Curry,c,4,0,3,0
MONACO,d,3,0,4,3
Skyr Framboise,c,4,0,3,0
Marie gold,d,1,0,4,1
CREAMY PEANUT BUTTER,c,4,0,3,0
Only Peanuts Smooth,a,2,0,1,1
Filets de maquereaux sauce tomate et basilic,b,4,0,2,0
Original Stapelchips,d,4,0,4,3
Lait écrémé,b,1,0,2,1
Semoule fine qualité supérieure 500g,a,1,0,1,1
Nuggets poulet,b,4,0,2,0
La Laitière yaourts au lait entier panachés,c,4,0,3,0
Galettes Au bon beurre,e,4,0,5,3
Creme legere uht 18% mg semi epaisse bq 3x20cl,d,4,0,4,3
Special K - Céréales chocolat noir,d,4,0,4,3
Emmental cœur de meule,c,3,0,3,0
Huile de Colza,b,2,0,2,1
Rillettes thon,b,4,0,2,0
Foie de morue fumé au bois de hêtre MSC 121g,e,3,0,5,3
Madeleines coquilles - BIO,d,4,0,4,3
Soya Cuisine,b,4,0,2,0
"Grinioc orge chèvre, miel, noix",c,4,0,3,0
2 Galettes Brebis - Figues,c,3,0,3,0
8 palets de légumes courgettes jaune et verte petits pois doux carotte,a,3,0,1,0
Les Frites,b,4,0,2,0
Crêpes Jambon Emmental,c,4,0,3,0
Ravioli risotto épinards sauce à la tomate,c,4,0,3,0
Spaghetti semi-complets,a,1,0,1,1
Mon taboulé aux 5 légumes au jus de citron,c,3,0,3,0
Confiture d'abricots rouges du Roussillon,d,4,0,4,3
Miel de fleurs,e,2,0,5,3
Céréales croustillantes Chocolat & châtaigne,d,3,0,4,3
Crème caramel aux œufs frais,d,3,0,4,3
Evian 75cl PET,a,1,0,1,1
Petites Madeleines Pépites Chocolat,e,4,0,5,3
Desconocido,c,3,0,3,0
Yaourt nature au lait de chèvre 4X 120g,b,1,0,2,1
Jambon sup dd csn sa sogm 4t 140g,c,4,0,3,0
Cancoillotte nature au lait pasteurisé IGP 11% de MG - 250g,c,3,0,3,0
Gâteaux Goûters bio fourrés au chocolat noir 185g,e,4,0,5,3
Sauce soja 150ml,e,3,0,5,3
Sardines à l'Ancienne à l'Huile d'Olive vierge extra au Citron,b,3,0,2,0
Foie de morue au naturel,d,3,0,4,3
Cookies tout choco,e,3,0,5,3
Velouté châtaigne potimarron huile de noisette,c,3,0,3,0
Poêlée de légumes grilles,a,3,0,1,0
Pâte brisée,d,3,0,4,3
Fromage frais Nature Malo 20% *Matières grasses sur extrait sec soit 3% de matières grasses sur produit fini,a,3,0,1,0
Sardines de Bretagne,b,3,0,2,0
Petits pains grillés,d,4,0,4,3
Ricotta 11% Mat. Gr.,c,4,0,3,0
Amandes décortiquées,a,1,0,1,1
Flageolets verts extra fins,a,3,0,1,0
L'originale,c,3,0,3,0
Cabillaud sauvage surgelé,a,4,0,1,0
Pétales de blé complet et riz,c,3,0,3,0
Carrefour Classic' Mayonaise à la Moutarde de Dijon,d,4,0,4,3
Haricots verts extra fins 4/4,a,3,0,1,0
Lentilles,b,4,0,2,0
Crème légère UHT 18% semi-épaisse,d,4,0,4,3
Farine de blé,a,1,0,1,1
Confiture Extra de Fraises,d,4,0,4,3
Sauce au poivre,d,4,0,4,3
Biscuits nappés de chocolat,a,4,0,1,0
Original Breadsticks,d,3,0,4,3
A Hearty Chicken & Vegetable Soup,c,4,0,3,0
,a,1,0,1,1
0 % finesse Poire,a,3,0,1,0
Penne Rigate nº 41,a,1,0,1,1
Fibrextra,c,4,0,3,0
Chocapic,c,4,0,3,0
Melocóton,e,1,0,5,1
pan blanco,c,4,0,3,0
Queso fundido sandwich,e,4,0,5,3
Confiture d'abricots,d,4,0,4,3
Crème Fraîche légère,d,4,0,4,3
Bio farine de blé type 65,a,1,0,1,1
Più integrali Ricchi di Fibre Segale,c,4,0,3,0
Brasserie burger nature sans sucres ajoutes x4,c,4,0,3,0
eingelegte Paprika,a,4,0,1,0
Pescada,a,1,0,1,1
Maria,c,4,0,3,0
Soft Cheese Original,d,4,0,4,3
Bio Organic Almond Drink,c,4,0,3,0
Crème dessert chocolat,c,4,0,3,0
Bûche de chèvre,d,3,0,4,3
Mario thon entier,a,1,0,1,1
Masala Munch,e,4,0,5,3
جبال دانون فواكه,c,1,0,3,1
Véritable cassoulet de Castelnaudary,b,4,0,2,0
Gâche tranchée,e,4,0,5,3
Pâte à tartiner Façon Rocher,e,4,0,5,3
Flocons d’avoine,a,1,0,1,1
Pain de mie,c,4,0,3,0
Sauce crudités nature,d,4,0,4,3
Sablés épeautre noisette,b,4,0,2,0
Digestive Avena,d,4,0,4,3
Galettes Speculoos,d,4,0,4,3
Panzani sauce tomate cuisinee nat 650g f12,a,4,0,1,0
Lentilles vertes,a,1,0,1,1
Just au four Classique,b,4,0,2,0
Falafels boulghour aux petits légumes,c,3,0,3,0
Wok de légumes et nouilles à l'Asiatique,b,3,0,2,0
jambon supérieur label rouge,c,4,0,3,0
Kombucha Gingembre Bio,c,1,0,3,1
Skinny Crunch Light Salted Caramel,c,4,0,3,0
Cornichons français,c,4,0,3,0
HERTA LE BON PARIS Jambon à l'étouffée x10 -425g,c,4,0,3,0
AVOINE au CACAO,d,4,0,4,3
MEAT-FREE TASTY SAUSAGES,d,4,0,4,3
Pâte Brisée Pure beurre,e,3,0,5,3
Storia 100% Tender Coconut Water 1L,c,3,0,3,0
All butter shortbread fingers,e,3,0,5,3
Lentilles corail,a,1,0,1,1
Riz complet,b,1,0,2,1
Yahourt morceaux de fruits framboise fraise,c,4,0,3,0
Yaourts Abricot Pêche Fraise Cerise,c,4,0,3,0
Muesli croustillant 3 chocolats,d,4,0,4,3
Céréales Muesli croustillant aux fruits secs paquet 500g,d,4,0,4,3
Sardines généreuses à l'huile d'olive,a,3,0,1,0
Epinard hachés à la crème,b,4,0,2,0
Poêlée à la campagnarde,b,3,0,2,0
Chocolate con LECHE,e,4,0,5,3
Duo amandes grillées sans sel ajouté,a,1,0,1,1
Pomme Banane Vanille,a,4,0,1,0
Chocolat noir 74% Bio,d,4,0,4,3
Préparation Abricot Pomme,d,4,0,4,3
yaourt gourmand noix de coco,c,4,0,3,0
Les Sablés,e,4,0,5,3
Emmental râpé Lait pasteurisé,d,3,0,4,3
Miel liquide,e,2,0,5,3
Brioche tranchée nature,d,4,0,4,3
Yaourt au lait 🥛🍼de brebis 🐑,c,1,0,3,1
Classic,d,4,0,4,3
Lentilles Corail Top Chrono,a,1,0,1,1
Crunchy Chocolat au lait & Noisettes,c,4,0,3,0
Yaourt Nature,a,3,0,1,0
"Orange amère, intense - Confiture moins sucrée",d,4,0,4,3
SAUCE AIOLI,c,4,0,3,0
Weetabix,a,3,0,1,0
Coca-Cola,e,4,3,5,2
Thé vert saveur citron 25 sachets de 2 g,b,4,0,2,0
Leite Meio-Gordo,b,1,0,2,1
manteiga Magra,e,4,0,5,3
Mais,b,3,0,2,0
Chocolate Granola,c,4,0,3,0
WRAPS,c,4,0,3,0
COURMAYEUR Eau Minérale Naturelle 1L,a,1,0,1,1
Pesto a base de albahaca,e,4,0,5,3
Tomate frito sin azúcares añadidos,c,4,0,3,0
Yogur natural,b,3,0,2,0
Jamón cocido extra,d,4,0,4,3
Tomate frito,c,3,0,3,0
Postre Soja Natural,a,1,0,1,1
Mozzarella en bolitas,c,3,0,3,0
Sojasauce,e,3,0,5,3
Rana spinach and ricotta fresh tortelloni,c,4,0,3,0
Alitkane Farine fleure,a,1,0,1,1
Sauce bolognaise pur boeuf,b,4,0,2,0
Boisson soja nature,b,1,0,2,1
Yaourt,c,1,0,3,1
Frischkäse,d,3,0,4,3
Oulmes,a,1,0,1,1
Arroz integral largo,b,1,0,2,1
Heinz tomato ketchup,d,3,0,4,3
Zero Tomaten Ketchup,b,4,0,2,0
Spaetzle aux œufs frais 300g,c,1,0,3,1
Nouilles aux œufs bio,a,1,0,1,1
KARÉ NOISETTE,c,4,0,3,0
Champêtre Poulet Rôti & Emmental Mimolette,c,4,0,3,0
Wheat Biscuits,a,3,0,1,0
Edam tendre Holland KROON,e,3,0,5,3
High Protein Granola Cranberry & Almond,d,3,0,4,3
Buddha Bowl Chèvre,c,3,0,3,0
Frischkäse (körnig),b,3,0,2,0
Mini fourrés chocolat noir,e,4,0,5,3
Noir dessert,e,4,0,5,3
Simplement bon - 25% de Sel*,c,4,0,3,0
Gourmand & Végétal Vanille,c,4,0,3,0
Émincés à la méditerranéenne,a,4,0,1,0
Tagliatelle all uovo,a,1,0,1,1
Diet Coke Can 250ml,c,4,3,3,2
Sauce Basilic aux tomates fraiches de saison,a,4,0,1,0
Olive verte,d,3,0,4,3
Pâte à tartiner aux noisettes 1kg,e,4,0,5,3
Huile d'Olive,b,1,0,2,1
HERTA LE BON PARIS Jambon à l'étouffée x8 -340g,c,4,0,3,0
Maxi pavo finas lonchas,d,4,0,4,3
Cocktail Tostado 0% Sal Añadida,c,1,0,3,1
Courgettes cuisinées à la provençale d'aucy 380g,a,3,0,1,0
MAGGI Soupe Chinoise 60g,b,4,0,2,0
Vanilla Flavour High Protein Mousse,a,4,3,1,2
Muscly 16,d,1,0,4,1
Rice and Corn Cakes,c,4,0,3,0
سيرجيو كبيرة,e,1,0,5,1
Penne Rigate Integral,a,1,0,1,1
Skyr,b,4,0,2,0
DM Bio Linsenwaffeln 100g 1.35€ 1kg 13.50€,a,3,0,1,0
Medium Egg Noodles,a,3,0,1,0
Maltesers,e,4,0,5,3
Tortitas de arroz con chocolate blanco,e,4,0,5,3
Cocoa Alpha Bites,a,1,0,1,1
Amora Moutarde Douce Verre de Table 230g,e,4,0,5,3
Provençale,a,4,0,1,0
Lentilles Cuisinées Au Chorizo,c,4,0,3,0
Doritos saveur Barbecue,c,4,0,3,0
Pâte brisée margarine aux céréales complètes Bio,d,3,0,4,3
Skir,a,1,0,1,1
Anchor Butter,e,2,0,5,3
Galette de maïs Chocolat Noir,e,3,0,5,3
Activia bifidus nature 0% de mg 125 g x 8,a,1,0,1,1
Galettes 4 céréales bio,b,3,0,2,0
CREME SEMI EPAISSE 25% MAT. GR STERILISE UHT,d,4,0,4,3
Tulipan,d,4,0,4,3
"Gourde 5 fruits (pomme, abricot, pêche, poire, banane)",a,4,0,1,0
Crunchm,b,3,0,2,0
Tomates cerises mélangées,a,1,0,1,1
Ka'ré chocolat noisette,d,4,0,4,3
Pop,d,3,0,4,3
Chocolat noir extra,e,4,0,5,3
Dost,e,3,0,5,3
Pommes - sans sucres ajoutés,a,1,0,1,1
Dipster,d,4,0,4,3
Sucre glace,e,2,0,5,3
Cœur de Burger Louisiana spicy,a,4,0,1,0
French Inspired Lentils,b,4,0,2,0
Yaourt nature,a,1,0,1,1
Hazelnut Cocoa Spread,a,4,0,1,0
tomato ketchup,d,3,0,4,3
Pâte à tartiner noisettes  et cacao,e,4,0,5,3
Margarine Végétale Doux,d,4,0,4,3
Prinzenrolle,e,4,0,5,3
Peanut Butter 100% Cacahuetes,a,1,0,1,1
Allumettes Végé Haricots Rouges Natures,c,4,0,3,0
Rana 4 fromages,c,4,0,3,0
Croq'Fondant,b,4,0,2,0
Skyr vanille à boire,a,4,0,1,0
GREEC Nature,c,1,0,3,1
Muesli aux fruits,c,1,0,3,1
Jaffa Cakes,e,4,0,5,3
Crème fraîche entière 30%MG,d,1,0,4,1
Spiced biscuits,e,4,0,5,3
all butter shortbread fingers,e,3,0,5,3
Quesitos,d,4,0,4,3
Classic Houmous,b,3,0,2,0
"Fromage Blanc 3,1%",a,3,0,1,0
Sauce tomate cuisinée oignons & ail,d,4,0,4,3
Taboule oriental 500g,c,4,0,3,0
Le thon blanc au naturel germon,a,3,0,1,0
P'tite danette chocolat et lait 70 g x 6,c,4,0,3,0
Danonino aux fruits fraise framboise abricot 100 g x 6,c,4,0,3,0
Riz basmati du Penjab,b,1,0,2,1
Extra velouté blanc,e,4,0,5,3
Courgettes à la Provençale 4/4,a,3,0,1,0
Comté,d,3,0,4,3
Cuisine riz et soja a l'espagnole,b,3,0,2,0
Galettes au bon beurre,a,4,0,1,0
Paysan Breton - 12 Crêpes,e,4,0,5,3
Manteiga Magra com sal,e,4,0,5,3
Meersalz Butter,e,2,0,5,3
Beurre tendre Doux,e,2,0,5,3
Pâte à Pizza Fine et ronde,d,4,0,4,3
Amora Ketchup Nature Flacon Souple 850g,e,4,0,5,3
Oasis sorbet Tropical,c,4,0,3,0
Coeurs de palmiers,a,3,0,1,0
Fromage frais onctueux,c,3,0,3,0
"Beurre doux 82%mg, plaquette de 250g",e,2,0,5,3
Pâte à tarte feuilletée ronde prête à dérouler 230g,d,3,0,4,3
Pains au lait x10,d,4,0,4,3
Foies de volailles confits,d,4,0,4,3
Fondant au chocolat,e,3,0,5,3
Galettes Bretonnes au beurre de baratte,e,3,0,5,3
Riz au lait,c,3,0,3,0
Sandwich Les Minis jambon emmental,d,4,0,4,3
Le Carré Crémeux,d,4,0,4,3
Chips saveur côte de boeuf grillée,d,4,0,4,3
Beurre de Bretagne demi sel,e,2,0,5,3
Notre fromage blanc nature,a,1,0,1,1
Ratatouille à la provençale,a,4,0,1,0
100% pur jus orange sans pulpe,c,1,0,3,1
Sauce vinaigrette Vinaigre balsamique Huile d'olive vierge extra 5%,d,2,0,4,3
Barres GOURMANDES,d,4,0,4,3
La galette bretonne pur beurre,e,4,0,5,3
Dessert de poires williams avec morceaux,a,3,0,1,0
Chucrut al estilo bávaro,c,3,0,3,0
Vital-Kerne-Mix,a,1,0,1,1
Kinderriegel,e,4,0,5,3
Organic Tomato Ketchup,d,3,0,4,3
Skyr,a,3,0,1,0
Sante Tropical Muesli Whole Grain Oat 350G,c,4,0,3,0
"Couscous, fin",a,1,0,1,1
белый шок.Тоблерон,e,4,0,5,3
Ferrero collection,e,1,0,5,1
Caviar de Tomates à l'Ail,c,4,0,3,0
Acqua naturale naturale,a,1,0,1,1
Sauce Andalouse,e,4,0,5,3
Tortilla chips chili,c,4,0,3,0
Panecillos cereales y semillas,c,4,0,3,0
Fuetec Original,e,4,0,5,3
Tomate frito estilo casero,b,3,0,2,0
Sardinillas en aceite de oliva,d,3,0,4,3
Knorr Soupe Liquide Douceur à l'Italienne Tomates Mozzarella 1L,c,4,0,3,0
Harina Fina de Maíz,c,2,0,3,1
Amora Sauce Pommes Frites Flacon Souple 260g,d,4,0,4,3
Tomato Ketchup Zero Sugar & Salt,b,4,0,2,0
Coconut Milk,e,4,0,5,3
Amande,b,4,0,2,0
CACAHUÈTES GRILLEES SALEES,a,3,0,1,0
Hummus con pimiento del piquillo asado,b,3,0,2,0
Thé vert glacé saveur citron vert & menthe,d,4,0,4,3
Pralinutta,d,4,0,4,3
Napój gazowany o smaku cola,c,4,3,3,2
Guacamole,c,3,3,3,2
velouté de potiron et châtaigne,b,3,0,2,0
Crème dessert Saveur Vanille,c,4,0,3,0
Chips paysannes nature,d,3,0,4,3
Thumsup,e,4,3,5,2
Gnocchis aux pommes de terre,c,3,0,3,0
Amandes grillees,a,1,0,1,1
Greek Recipe Strained Natural Yogurt,b,1,0,2,1
Grainéa chocolat au 5 céréales,d,4,0,4,3
Fond de Volaille boîte,b,4,0,2,0
Lben Pasteurisé,b,1,0,2,1
Tartines craquantes multicéréales bio,c,3,0,3,0
Touche de Thé noir,c,4,0,3,0
Mix cereales 0% azúcares añadidos,a,4,0,1,0
"FROMAGE BLANC 3,2% NATURE CALIN EXTRA",b,1,0,2,1
Muesli Croustillant Noisettes,a,3,0,1,0
Castañas cocidas y peladas,a,1,0,1,1
Biscuits fourrés au chocolat au lait,e,4,0,5,3
Cheerios,c,3,0,3,0
Settembrini mb 300g,e,4,0,5,3
Graines de Chia,a,1,0,1,1
Hüttenkäse Original,b,1,0,2,1
Fromage blanc Vanille,a,4,3,1,2
Rosemary & Sea Salt Sourdough Crackers,c,3,0,3,0
Râpé Gran Vegiano,e,4,0,5,3
Savane max de sensations,d,4,0,4,3
Filets de maquereaux au naturel,b,3,0,2,0
Sauce pesto vert basilic,d,4,0,4,3
Shortbread Fingers,e,4,0,5,3
Skyr nature,a,1,0,1,1
Pulpy Orange,e,4,3,5,2
Puré de tomate,a,3,0,1,0
Panier de yoplait aux morceaux de fruits,c,4,0,3,0
Gewürz Ketchup Curry,d,4,0,4,3
Petits pain au Froment,c,4,0,3,0
,b,4,0,2,0
Sauce tomate provençale,b,4,0,2,0
Knaggies 100% végétal,c,4,0,3,0
Feastables - Milk Crunch,e,3,0,5,3
Ravioli au jambon de parme et burrata,d,4,0,4,3
All Butter Scottish Shortbread Fingers,e,3,0,5,3
Les croustillantes Seigle,b,3,0,2,0
"Spécialité Laitière Framboise, Grenade, Baies de Goji",a,4,0,1,0
Le Tranché Fin - Dégustation - 25% de sel*,c,4,0,3,0
Schär Maestro essentiel,a,4,0,1,0
Velouté de 7 légumes,c,4,0,3,0
Panzani sauce tomate cuisinees panzani 210g,a,4,0,1,0
Fromage à tartiner,d,4,0,4,3
Kinder Pingui,e,4,0,5,3
Purified Water,b,1,0,2,1
Best Of Crackers Croquants,e,4,0,5,3
Pechuga de pavo reducido en sal finas lonchas,a,1,0,1,1
Pâte à tartiner Noisettes et Cacao Bio et équitable,e,4,0,5,3
Huile d'olive vierge extra,b,2,0,2,1
Apéricube Cocktail 48C,d,4,0,4,3
Boursin portions garlic & herbs,d,3,0,4,3
Berry Delight,d,4,0,4,3
PEANUT BUTTER STUFFED OAT BARS,d,3,0,4,3
Fluide & Légère 4%MG,b,4,0,2,0
Compotée fraises & framboises,a,4,0,1,0
Tortillas de Maíz,c,4,0,3,0
Skyr,b,4,0,2,0
Bio organic avoine cuisine,b,4,0,2,0
Desconocido,c,1,0,3,1
Lu thé pocket,e,4,0,5,3
Tartelettes au chocolat sans sucres,d,4,0,4,3
Chips Saveur Sauce Pommes Frites,a,4,0,1,0
Epinards SRP 750G,a,1,0,1,1
Lait de coco fluide bio,e,4,0,5,3
Pizza del gusto chorizo,c,4,0,3,0
Œufs de poules élevées en plein air Conformément au mode de production biologique,a,1,0,1,1
Délice pistache amande,e,4,0,5,3
Absolute black dark chocolate,d,3,0,4,3
Toasts apero campagne,c,4,0,3,0
Filet de maquereaux au vin blanc et aromates,b,3,0,2,0
Chocolat noir et amandes caramélisées Monoprix Bio,c,4,0,3,0
Nutella,e,1,0,5,1
Galettes de lentilles corail bio butternut coco,b,4,0,2,0
NESTLE DESSERT Pâte à tartiner 340g,e,4,0,5,3
Kimchi Lactofermenté,b,3,0,2,0
Sauce Bolognaise,a,3,0,1,0
"Grainéa Abricot barres aux 5 céréales Maîs,Blé, Seigle, Riz  x 6 barres",c,4,0,3,0
Tendre Croc' L'original Jambon et Fromage x2,d,4,0,4,3
Krounchy Muesli croustillant,a,3,0,1,0
Raïbi,e,1,0,5,1
Sardines au naturel,b,3,0,2,0
Blanc de poulet 100% filet,b,4,0,2,0
Rillettes de thon aux olives vertes,b,4,0,2,0
Just au Four Express,c,4,0,3,0
Biscuits fourrés à la noisettes et cacao sans sucre,d,4,0,4,3
Gourmand & Végétal Délice Chocolat,c,4,0,3,0
almendra,c,4,0,3,0
Pate à tartiner aux noisettes 750g,e,4,0,5,3
Mix choco con cereales integrales,a,4,0,1,0
"Jambon Supérieur sans couenne Conservation Sans Nitrite - x4 tranches,140g",d,4,0,4,3
"Confiture fraise 65% de fruits, 320g",d,4,0,4,3
Tortilla wraps,c,4,0,3,0
POM'POTES Compotes Gourdes BIO Pomme Nature 12x90g,a,1,0,1,1
gressins sésame,d,3,0,4,3
Mozzarella les croisés,c,3,0,3,0
Mouliné de nos campagnes Légumes de France,b,3,0,2,0
Tortillas chips Nacho cheese,c,4,0,3,0
Savane Max Barr',e,4,0,5,3
Houmous tradition,c,3,0,3,0
Ready Salted Crisps,d,3,0,4,3
Riz long basmati paquet aluminisé de 500g,b,1,0,2,1
TIC TAC Fresh Mint,e,4,0,5,3
Nocilla,e,4,0,5,3
"NESCAFÉ® Cappuccino Vanille, Café soluble, Boîte de 276g",c,4,0,3,0
Emmental français,c,3,0,3,0
Secret de mousse,d,4,0,4,3
Skyr naturel,a,3,0,1,0
Bonbons Tic Tac 100 pastilles menthe extra fraiche - 49g,e,4,0,5,3
Loacker,e,4,0,5,3
Tomato ketchup,d,4,0,4,3
Huile dolives,b,2,0,2,1
Le Kebab de Poulet et sa Semoule à l'Orientale,c,4,0,3,0
Peanut Butter Crunch,a,4,0,1,0
Heritage Flakes,c,3,0,3,0
Boisson pétillante saveur citron,b,4,0,2,0
Capri-Sonne - Multivitamin,d,4,0,4,3
Carré president 6 portion,d,3,0,4,3
St hubert 41 500 g doux ss hdp,d,4,3,4,2
"Muesli Énergie (cacao, banane, guarana)",a,1,0,1,1
Hohos,e,4,0,5,3
Scandalous Seeds Wholemeal Loaf,a,3,0,1,0
Cornflakes,d,3,0,4,3
Dark Maple Syrup,e,2,0,5,3
Riche en omega 3 doux,c,4,0,3,0
Skyr,a,1,0,1,1
Biscoff Crunchy,e,4,0,5,3
Desconocido,c,4,0,3,0
Desconocido,e,1,0,5,1
Sprite,e,4,0,5,3
Original Oreo,e,4,0,5,3
Émincé de poulet rôti,b,4,0,2,0
6 Wholemeal Pitta Breads,a,3,0,1,0
Oat Milk (Barista Style),c,4,0,3,0
Organic Butter & Rapeseed Oil Spread,e,3,0,5,3
Lentilles vertes faciles,a,1,0,1,1
Belépi,e,1,0,5,1
Coca-Cola Gust Original,e,4,3,5,2
Leche De Almendras,a,4,0,1,0
Yaourts entier NATURE issu de l'agriculture biologique,b,3,0,2,0
Wraps Blé Complet,c,4,0,3,0
Lindt Excellence Milk Chocolate 100g,e,4,0,5,3
Hot Kickin' Sour Cream Flavour,c,4,0,3,0
Mayonnaise à la moutarde de Dijon,e,4,0,5,3
Filets de MAQUEREAUX BLANCS À LA MOUTARDE À L'ANCIENNE,b,4,0,2,0
Granola Bar Vanilla & White Cream,d,4,0,4,3
Riz long grain,b,1,0,2,1
Nesquik,c,4,0,3,0
Aros avena crujientes,a,1,0,1,1
belVita BREAKFAST Cocoa with choc chips,d,4,0,4,3
Bouillon Légumes Méditerranéens,c,4,0,3,0
Grainéa Muesli 5 Fruits,d,4,0,4,3
Besbassa,a,4,0,1,0
Bisuit sans sucres fibre,b,4,0,2,0
Le Sfoglie,d,4,0,4,3
Muesli CroustillantNoix,c,4,0,3,0
"Fitline Natur 0,2% Fett",a,4,0,1,0
tartines craquantes riz et quinoa,c,3,0,3,0
Hazelnut Spread with Cocoa,e,4,0,5,3
Pesto poivron ricotta,d,4,0,4,3
omega 3 fish fingers,b,3,0,2,0
,c,1,0,3,1
Chips Saveur Sauce Curry,d,4,0,4,3
Fromage Frais,b,3,0,2,0
perle de lait citron,c,4,0,3,0
Barres de céréales pommes et framboises,c,4,0,3,0
Snickers x10,e,4,0,5,3
Minute maid orange,c,1,0,3,1
Puglian Extra Virgin Oil,b,2,0,2,1
"Gnocchetti au poulet, crème au parmesan, parmigiano reggiano AOP et tomates marinées",d,3,0,4,3
Croûton Provençal aux céréales,d,4,0,4,3
Tortillas de Blé,c,4,0,3,0
Ferme vanille,b,1,0,2,1
Tuile goût crème oignons,d,4,0,4,3
Sardines à l'huile d'olive vierge extra,b,3,0,2,0
Filets de thon,a,3,0,1,0
Savoiardi,d,4,0,4,3
Wholemeal Seeded Loaf,a,4,0,1,0
Desconocido,b,1,0,2,1
Dessert noir,e,4,0,5,3
Hachis végé parmentier,c,3,0,3,0
Chips falafels,d,4,0,4,3
Taboule csg legumes grilles 250g,b,3,0,2,0
Pop & crisp,c,1,0,3,1
Skyr nature - 900G,a,1,0,1,1
20-20,e,1,0,5,1
,d,1,0,4,1
,a,4,0,1,0
Organic Houmous ~ With added extra virgin olive oil,c,3,0,3,0
Blueberry Fig Bar,d,4,0,4,3
Betteraves rouges à l'échalote,a,4,0,1,0
,a,4,3,1,2
Glass Noodles,c,1,0,3,1
Velouté 10 légumes,b,4,0,2,0
Emmental,c,3,0,3,0
Lait,b,1,0,2,1
Tortilla Chips Saveur Chili,c,4,0,3,0
POM'POTES Compotes Gourdes Pomme Nature 12x90g,a,4,0,1,0
Petits pois & Carottes extra fins,a,3,0,1,0
Au Coeur de la région Piémontaise,c,4,0,3,0
Panzani - Torti Tomates & Épinards,a,1,0,1,1
Spaghetti,a,1,0,1,1
Vivien Paille Lentilles vertes le paquet de 500 g,a,1,0,1,1
Milka - Riz croustillant,e,4,0,5,3
PATE FEUILLETEE MGV 230g,d,3,0,4,3
CONFITURE EXTRA de fraises ALLEGEE 50% fruits,d,4,0,4,3
Cancoillotte a l'ail 250g,c,4,0,3,0
Quaker Muesli Croustillant Myrtilles & baies de goji,b,4,0,2,0
Pâtes de fruits,d,4,0,4,3
QUINOA BLOND 400g,a,1,0,1,1
Pains au lait BIO,d,4,0,4,3
PRUNEAU  D\'AGEN,c,1,0,3,1
Soya cuisine,b,4,0,2,0
Confiture d'abricots au sucre de canne,d,4,0,4,3
St. Môret Frischkäse Nature,d,4,0,4,3
porc au caramel,c,3,0,3,0
Haricots verts Extra-fins,a,3,0,1,0
L'Écrasé de pommes de terre,c,3,0,3,0
Spaghetti au blé complet,a,1,0,1,1
Riz Coco,e,3,0,5,3
Lentilles corail,a,1,0,1,1
100% pur jus de pomme trouble,c,1,0,3,1
La craquante,c,3,0,3,0
Cheddar crf,d,4,0,4,3
Bûche de chèvre Bio,d,3,0,4,3
Velouté de légumes saveur du Sud,b,3,0,2,0
Comté,d,3,0,4,3
Les Palets Recette à la Madeleine,e,4,0,5,3
Stylesse Chocolat Noir,d,4,0,4,3
Chocolat noir,d,4,0,4,3
Camembert,d,3,0,4,3
Filets de Maquereaux (Aromates et Muscadet),b,4,0,2,0
Velouté de jardinière de légumes,c,4,0,3,0
Cordon bleu de dinde,c,4,0,3,0
Quinoa Blé et Perles,b,4,0,2,0
Gourmand & Végétal Brassé framboise,c,4,0,3,0
Ma semoule au lait et à la Vanille Naturelle,c,4,0,3,0
Nestlé Pure Life,a,1,0,1,1
Nouilles aux œufs,d,3,0,4,3
Galette bretonne pur beurre (16),e,3,0,5,3
Lait de coco 15 % 400 ml,e,4,0,5,3
"Houmous lentille corail, carotte & cumin",c,3,0,3,0
Werther's Original Popcorn Classic Caramel,e,4,0,5,3
Oatibix,a,3,0,1,0
Peanut Butter,c,3,0,3,0
Mince,a,4,0,1,0
Extra original,d,3,0,4,3
Barres de Céréales Extra Kellogg's Miel - 4x32g,d,4,0,4,3
Rice Snaps,c,3,0,3,0
Bebida isotónica limón zero azúcar,c,4,3,3,2
Elephant Pretzels With Salt,e,4,0,5,3
Lindet choco swis dark 2yrs prod,e,1,0,5,1
Petit écolier,e,4,0,5,3
Mozzarella di latte di Bufala,d,3,0,4,3
Olio extra vergine di oliva - Classico,b,2,0,2,1
pizza sauce,a,3,0,1,0
Spaghetti grossi - No. 5,a,1,0,1,1
Vitalday Crocant Chocolate,d,4,0,4,3
Pan Bauletto al Grano Duro,c,4,0,3,0
Gullon Maria Dorada,c,4,0,3,0
Yogur Bebible Fresa y Plátano,e,4,0,5,3
Queso especial pasta,d,4,0,4,3
Queso lonchas suave,d,4,0,4,3
Linx,c,1,0,3,1
Chiquilín 0% azúcares,c,4,0,3,0
Limón exprimido,b,1,0,2,1
,e,1,0,5,1
Arroz basmati aromático,b,1,0,2,1
Mops chocolat,c,3,0,3,0
Fig Rolls,d,4,0,4,3
SKYR Myrtille,b,4,0,2,0
Lentilles bio,b,3,0,2,0
Bio bebida de avena,c,3,0,3,0
Wafers chocolate 0% azúcares,c,4,0,3,0
Palomitas Pipocas Microondas Sal,d,3,0,4,3
Piña en su Jugo,a,1,0,1,1
kefir bianco,c,3,0,3,0
SEMI OAT DRINK,c,3,0,3,0
María choco,d,4,0,4,3
BUTTER WITH VEGETABLE OIL BLENDED SPREAD 66%,e,2,0,5,3
Traditional Dairy Ice Cream,d,4,0,4,3
Galletas Maria Sin Gluten,d,4,0,4,3
Iaur grecesc,c,1,0,3,1
beurre de noix mélangées avec graines,a,1,0,1,1
Kokosöl nativ,e,2,0,5,3
MINOR FIGURES BARISTA OAT (ORGANIC),c,3,0,3,0
Pâte feuilletée,d,3,0,4,3
Purée pomme poire sans sucres ajoutés 625g,a,1,0,1,1
Thé vert en filaments,b,1,0,2,1
Jambon sup bio dd csn 4t 140g ranou,d,4,0,4,3
"Les Veggies : 2 galettes soja, tomate, basilic",a,4,0,1,0
Beurre de cacahuètes chocolat noir Bio,c,3,0,3,0
Veloute de tomates,b,4,0,2,0
"Barres Pomme aux 5 céréales Seigle, Avoine, Maïs, Blé, Riz x 6",c,4,0,3,0
Purée de pommes de terre à l'emmental,c,3,0,3,0
Love Corn Salt & Vinegat,c,3,0,3,0
Tartines croustillantes sésame 250g,a,3,0,1,0
Biscotti Al Cioccolato,d,1,0,4,1
Brioche vendéenne tranchée IGP,e,4,0,5,3
Mayonnaise 5 ingrédients,d,3,0,4,3
Miel de France,e,2,0,5,3
Mayonesa,e,4,0,5,3
Pizza Margherita Steinofen,c,3,0,3,0
Pastabox saumon,c,3,0,3,0
Sauce tomate bio vegan bolognese style,a,4,0,1,0
Oat Barista Blend,c,4,0,3,0
Haribo dragolo,e,4,1,5,3
Le Petit Beurre,e,4,0,5,3
Skyr nature,a,3,0,1,0
Protein Crunch Granola,a,4,0,1,0
La Fine,e,4,0,5,3
Skyr Vanille,a,4,0,1,0
Gervais fromage à la crème,d,1,0,4,1
Briochettes aux pépites de chocolat au lait x6 - 240g,d,4,0,4,3
Brets saveur Pili Pili,d,4,0,4,3
Tajine de légumes,a,3,0,1,0
Jambon de porc Torchon Sans Nitrite,b,4,0,2,0
"HEINZ TOMATO, GRANA PADANO & MASCARPONE PASTA SAUCE",b,3,0,2,0
Kefir Natural,b,1,0,2,1
"PAD THAÏ Poulet - Nouilles, poulet  et citronnelle",b,4,0,2,0
Préparation De Cerises Noire & Griottes,c,4,0,3,0
Nocciolata bio,e,4,0,5,3
Céréales Pétales de riz & blé orge 500g,c,4,0,3,0
Desconocido,e,4,0,5,3
"Moroccan Spiced Falafel with Sweet Dates, Lemon & Parsley",a,3,0,1,0
Poire Williams sans sucre ajoutés,a,4,0,1,0
Desconocido,e,4,3,5,2
Pop corn sucre de canne,c,4,0,3,0
Nutella 600g,d,3,0,4,3
AQUA CARPATICA,b,1,0,2,1
Spécial Flakes,b,4,0,2,0
ST HUBERT OMEGA doux 510 g Offre Découverte,c,4,0,3,0
Blanc de Poulet Doré au Four,c,4,0,3,0
Eau minérale naturelle volcanique,a,1,0,1,1
Menu fraîcheur,c,4,0,3,0
nutella & GO!,e,4,0,5,3
Baked beens,a,4,0,1,0
Ravioli Fromage de chèvre et oignons caramélisés,c,4,0,3,0
St hubert 41 250 g demi sel ss hdp,d,4,3,4,2
لينت كيريشين بارالين,e,4,0,5,3
Quenelles à la lyonnaise,d,4,0,4,3
Pesto crémeux,e,4,0,5,3
Yakult,c,4,0,3,0
Rouge passion - Color your day,c,4,0,3,0
Taureau aile doypack basmati curry vert 220g,c,4,0,3,0
Happy happy biscuit - Parle - Parle,d,1,0,4,1
Alpro Barista Almond,c,4,0,3,0
Coca-Cola Original 0.5,e,4,3,5,2
"Pasta & Bruschetta Asperges, Tomate, Parmesan",e,4,0,5,3
Spreadable west contry butter,e,2,0,5,3
Bounty 5x2,e,4,0,5,3
GINGER ALE,e,4,0,5,3
Pâte à tartiner cacao,e,4,0,5,3
Grandes tranches céréales & graines,c,4,0,3,0
Accras de morue recette &quot;créole&quot;,d,3,0,4,3
Panzani sauce bolognaise 500g,b,4,0,2,0
water,a,1,0,1,1
CONFIPOTE Confiture allégée en sucres Pot Abricot 350g,c,4,0,3,0
Veganer Schinkenspicker Schnittlauch,c,4,0,3,0
Burger pavot sarrasin,c,4,0,3,0
Ristorante pizza Royale,c,4,0,3,0
Lustucru gnocchini a poeler 300g x9,c,3,0,3,0
Crunchy,d,4,0,4,3
Sandwich de avellana con avena y chips de chocolate Vitalday,c,4,0,3,0
Noir intense caramel beurre salé,e,4,0,5,3
Flakes d'épeautre,a,1,0,1,1
Tonik,e,1,0,5,1
"Biscuit apéritif Snacks poppes saveur tomate ail basilic, sachet de 70g",a,4,0,1,0
Liégeois Chocolat,d,4,0,4,3
Huile d'olive vierge extra fruitée,b,2,0,2,1
Agua De Coco,b,1,0,2,1
Organic no added sugar oat drink,c,3,0,3,0
SPECIAL K HIGH PROTEIN Cocoa Hazelnut Flavour,a,4,0,1,0
Veganer Kochschinken,d,4,0,4,3
Fine Milled Oatcakes,d,3,0,4,3
Spanish Serrano Ham,e,3,0,5,3
"Lebkuchen Hearts, Pretzels & Stars Zartbitter",e,4,0,5,3
Pétillante Saveur Citron vert,b,4,0,2,0
Petits Suisses,c,3,0,3,0
Mayonnaise fine et douce,e,4,0,5,3
Petits pois extra fins et carottes d'aucy 530g,a,3,0,1,0
"Pom' Potes, Pomme Banane",a,1,0,1,1
POM'POTES Compotes Gourdes Pomme Nature 4x90g,a,4,0,1,0
Gelée de Coing,d,4,0,4,3
CremioBox - Poulet & Emmental râpé,c,4,0,3,0
Gazpacho,a,3,0,1,0
Babybel Mini Original,d,3,0,4,3
Original Mini,d,3,0,4,3
Blanc de Dinde  - 25% de sel*,a,4,0,1,0
La motte de beurre aux cristaux de sel.as,e,2,0,5,3
Galettes de Maïs au Chocolat Noir Bio,e,4,0,5,3
Lunettes myrtille,d,4,0,4,3
2 Saucisses de Montbéliard IGP À cuire,e,4,0,5,3
Ratatouille à la provençale,b,3,0,2,0
Filets de Maquereaux Grillés au naturel,a,3,0,1,0
fermiers liberté bio,a,1,0,1,1
Fromage râpé italien Grana Padano AOP - 100g,d,3,0,4,3
Tablette petit beurre au chocolat noir bio paquet de 150g,e,4,0,5,3
Croissants,d,4,0,4,3
Tagliatelles Truffes Blanches d'Été et Champignons de Paris,d,3,0,4,3
"Pizza Margherita tomate, mozzarella",d,3,0,4,3
Purée de pomme de terre au beurre et crème d'Isigny,d,3,0,4,3
Cornichons extra-fins,c,4,0,3,0
St Moret,d,4,0,4,3
Tartare Ail & Fines herbes,d,3,0,4,3
Taboulé oriental à l' huile d'olive vierge extra,c,3,0,3,0
Crêpes Cracky x8,e,4,0,5,3
Fitness Classic,c,4,0,3,0
Tartines bio à l'avoine,b,3,0,2,0
Purée sésame 1/2 complet,d,1,0,4,1
Beurre Demi-Sel à teneur réduite en M.G. (60%),e,2,0,5,3
Lait DEMI-ECREME Stérilisé UHT,e,1,0,5,1
Paysan Breton - Beurre moulé demi sel,e,2,0,5,3
Œufs bio,a,1,0,1,1
Matin Léger Bio Sans Lactose,b,1,0,2,1
Mouliné aux 8 Légumes,c,4,0,3,0
"Sauce tomate pour pizza, pâte ou riz",a,3,0,1,0
Panés gourmands Recette italienne,b,4,0,2,0
Lentilles vertes Bio - 500 g - Bio Village,a,1,0,1,1
bâtonnet surimi saint malo 200g,c,4,0,3,0
Cookie avell choc,e,4,0,5,3
Grissini Sésame et Huile d'olive 7%,d,3,0,4,3
SOJA Nature,a,4,0,1,0
Le Gourmand Complet,b,4,0,2,0
Chips à la crevette,e,3,0,5,3
Délisse - Lait demi-écrémé,b,1,0,2,1
Tartine et cuisson Oméga3,c,4,0,3,0
Yaourt nature,b,3,0,2,0
Biscuits fourrés chocolat noir bio village,e,4,0,5,3
Gourmand & Végétal Brassé citron,c,4,0,3,0
Super Poulain,e,4,0,5,3
Salade Snacking Bol Chèvre 250g MIX,c,4,0,3,0
"Houmous lentille corail, patate douce & coriandre",a,3,0,1,0
TOASTIE SOFT THICK WHITE,c,4,0,3,0
HP Sauce,d,4,0,4,3
Peanut,e,4,3,5,2
Mustard,e,4,0,5,3
"Smoothie mangue, fruit de la passion & pomme",e,1,0,5,1
Alvalle Gazpacho vert 1 L,a,3,0,1,0
Schoko Bons,e,4,0,5,3
Aquarius Naranja,d,4,3,4,2
NESTLE CHOKELLA Céréales - Boite de 350g,d,4,0,4,3
Ricola réglisse,b,4,0,2,0
Cottage cheese,b,4,0,2,0
Hulala Chantilly Mijlocie,e,4,0,5,3
Original,e,4,0,5,3
Tortilla NACHIPS Original,c,3,0,3,0
Champiñones laminados en conserva,a,3,0,1,0
Salsa Barbacoa,d,4,3,4,2
Tomate,d,3,0,4,3
Pan tostado ajo y perejil,d,3,0,4,3
Côté comptoir,b,4,0,2,0
Salsa de Soja Tamari,e,3,0,5,3
soja sucrée,e,1,0,5,1
Lay's Potato Chips,e,4,0,5,3
Fraidoux,d,4,0,4,3
Italian Tomato Passata,b,1,0,2,1
Original Salted Peanuts,c,3,0,3,0
Crunchy Toasts Seigle complet,b,3,0,2,0
Tropicana Multivitamines,e,1,0,5,1
Muszynianka 1.5,a,1,0,1,1
Chocolat Noir Honduras 70%,e,3,0,5,3
Biscottes sans sucres ajoutés,c,4,0,3,0
Thon entier à l'huile végétale,d,3,0,4,3
Tam,a,1,0,1,1
Galletas Relieve,d,4,0,4,3
Queso Crema Finas Hierbas,d,4,0,4,3
Aloo bhujia,e,3,0,5,3
4 Brioch'Bagel,d,4,0,4,3
PEACH-PASSION FRUIT Quark-Based,a,4,3,1,2
Blossom Honey,d,2,0,4,3
Quinoa parfumé sachet,b,3,0,2,0
Oikos,c,1,0,3,1
Oeufs plein air,a,1,0,1,1
Muesli fraises,c,4,0,3,0
Gâche tranchrée bio,d,4,0,4,3
BIO Organic COTTAGE CHEESE,b,3,0,2,0
MIXED NUTS,c,1,0,3,1
Skyr citron,b,3,0,2,0
Ravioles à poêler au fromage frais et Basilic de Provence sachet,c,4,0,3,0
Tacos  wafer,e,1,0,5,1
Butter Chicken,c,4,0,3,0
stick crackers extra spicy,e,1,0,5,1
Piémontaise jambon,c,4,0,3,0
Flakes épeautre,a,1,0,1,1
Crème cuisine végétale coco BIO - 20cL,c,4,0,3,0
Barquette de chocolate,d,4,0,4,3
Céréales Muesli croustillant fruits secs et graines de courge - 500g,c,3,0,3,0
Perle de Lait Coco x 4,c,4,0,3,0
HAZELNUT BUTTER DARK CHOCOLATE,e,3,0,5,3
Sabor casero,d,4,0,4,3
Boulettes au boeuf,c,3,0,3,0
Patatas fritas clásicas,d,3,0,4,3
grec boire,e,4,0,5,3
Merlu blanc boulghour purée aux carottes,c,4,0,3,0
SKYR VANILLE 4x100g,a,4,0,1,0
Fine chapelure de pain,c,3,0,3,0
Multigrain Cheerios,c,4,0,3,0
Le moelleux,d,3,0,4,3
Cherry Bakewell Oat Boosts,c,4,0,3,0
HERTA LE BON PARIS Jambon broche x4 - 140g,d,4,0,4,3
Chorizo végétal & gourmand,b,4,0,2,0
Himbeermarmelade,d,4,0,4,3
4 Saucisses 100% végétales,c,4,0,3,0
Patatas fritas sabor campestre,d,4,0,4,3
Magnum Vanille & Chocolat Classic,e,4,0,5,3
Muffins complet,a,4,0,1,0
Babicao,c,4,0,3,0
BEYPAZARI SADE SODA,a,1,0,1,1
Smooth Peanut Butter,a,1,0,1,1
Bio-Haferfrink ohne Zuckerzusatz,c,4,0,3,0
Beurre doux bio,e,2,0,5,3
Lben Pasteurisé,b,1,0,2,1
Lay’s saveur emmental,c,4,0,3,0
Quinoa - blé & noisettes 250g,a,3,0,1,0
Margarine allégée au tournesol 60% Mat. Gr. - barquette,c,4,0,3,0
Mini Rollos Chocolat au Lait & Coeur fondant au Lait,e,4,0,5,3
LOTUS BISCOFF Speculoos Fourré - Crème saveur Vanille - 150g,e,4,0,5,3
Lindahls Pro+,c,3,0,3,0
Orangina zero,b,4,3,2,2
Pain au seigle complet Vollkornbrot BIO - 500g,a,3,0,1,0
بنينة,c,4,0,3,0
Cuor di Mela Mulino Bianco,d,4,0,4,3
Arroz Redondo,b,1,0,2,1
Barritas de galleta rellenas de arándanos,e,1,0,5,1
Corn flakes bio,b,3,0,2,0
SPANISH STYLE GRAINS,b,3,0,2,0
Doritos,c,4,0,3,0
seeded Bread,c,3,0,3,0
Liebig légumes et kiri,c,4,0,3,0
Filets de Sardines,b,3,0,2,0
Huile d'olive vierge extra,b,2,0,2,1
MYRTILLE,d,4,0,4,3
Linguine Façon Bolognaise Végétale,b,4,0,2,0
Pitted Ripe Olives,d,3,0,4,3
Haricots rouges,b,3,0,2,0
Farfalle qualité supérieure 500g,a,1,0,1,1
Browny - Be,e,1,0,5,1
Seitan,c,4,0,3,0
Penne Rigate,a,1,0,1,1
Cappelletti Jambon Cru,c,4,0,3,0
Baked Beans in a rich tomato sauce,a,4,0,1,0
Filets de harengs fumés -25% de sel,e,4,0,5,3
Calendrier de l'avent au chocolat,e,4,0,5,3
Bocal 280 g Tomates séchées,e,3,0,5,3
Star tomat sachy,c,4,0,3,0
Fromage de Chevre Le Saínte-Maure,d,3,0,4,3
ayris,a,1,0,1,1
PATE BRISEE BIO MGV 230g,e,4,0,5,3
Cheeky Chocolate Chip,c,4,0,3,0
Francine pain multi céréales,c,4,0,3,0
Tortillas de trigo integrales,a,4,0,1,0
Udon Soja & Sésame,c,4,0,3,0
PISTACCHIO con pistacchi tostati e salati,e,4,0,5,3
Mini fourrés Cacao,e,4,0,5,3
pechuga de pavo el pozo 1954,b,4,0,2,0
"Rougail saucisse, riz blanc et lentilles cuisinés",b,4,0,2,0
LIMÓN& YUZU,c,4,0,3,0
Breaksta,e,4,0,5,3
Desconocido,a,1,0,1,1
Rice Box Poulet Tikka Massala Riz Basmati,c,4,0,3,0
Desconocido,c,4,0,3,0
Mayonesa,c,4,0,3,0
Houmous Tahini au sésame,c,3,0,3,0
175G CARAMELS WERTHER'S,e,4,0,5,3
L'original lait,e,4,0,5,3
Fanta orange slim 25cl,e,1,0,5,1
Hawai Tropical,d,4,2,4,2
ketchup pikarome 240 g,e,4,0,5,3
Ricola fleurs de sureau,b,4,3,2,2
Noir Pistaches Caramélisées,e,4,0,5,3
Original,d,4,0,4,3
Cote d'or noir truffé,e,4,0,5,3
Passata verace,a,3,0,1,0
Huile d'olive vierge extra,b,2,0,2,1
Cocktail Mezcla,d,4,0,4,3
Wasabi peanuts,d,4,0,4,3
Knorr Soupe Liquide Douceur de Potiron Chataigne,b,4,0,2,0
Red Bull Blue Edition,e,4,0,5,3
Mendiant de luxe,e,3,0,5,3
Lait de brebis demi-écrémé,b,1,0,2,1
High Protein Chocolate Pudding,a,4,3,1,2
Lentilles corail bio 500g,b,1,0,2,1
Peanut Butter Pretzels,d,4,0,4,3
Ideal Aroma Caramel Flan,d,4,3,4,2
Maíz dulce,b,3,0,2,0
Poêlée a la Parisienne,a,3,0,1,0
Momo white,e,4,0,5,3
Comple,b,4,0,2,0
Grissini artigianali Sésame,d,3,0,4,3
Khayrat 200g,a,4,0,1,0
Cookilate,d,4,0,4,3
Cashews roasted & salted,c,3,0,3,0
300G POLKA HARIBO,e,4,1,5,3
Multi-Grain Hoops,a,4,0,1,0
,e,1,0,5,1
Crema cacahuete 100%,a,1,0,1,1
"Purée de légumes verts (haricots verts, brocolis, petit pois)",a,1,0,1,1
Madagascar Dark Chocolate tummasuklaa,e,4,0,5,3
Sauce pizza,c,1,0,3,1
Pâte brisée,e,3,0,5,3
Beyond Burger,b,4,0,2,0
Riz à la cantonnaise,b,4,0,2,0
Eis Mandel,e,4,0,5,3
Haselnusscreme,e,4,0,5,3
Confiture myrtille et cassis intenses,d,4,0,4,3
Croquants aux pépites de chocolat,e,1,0,5,1
Corn flakes,d,3,0,4,3
,a,1,0,1,1
Pesto alla genovese,e,4,0,5,3
Goûters Fourrés goût chocolat,d,4,0,4,3
Chocolat au lait,e,4,0,5,3
"Прясно краве мляко 3,7%",c,1,0,3,1
Oméga 3,b,2,0,2,1
Riz coco curry et poulet rôti,c,4,0,3,0
Ramen express - Nouilles de riz demi-complet,b,1,0,2,1
Batido cacao 0% azúcares añadidos,d,4,0,4,3
Crème cuisine végétale avoine BIO -20 cL,b,4,0,2,0
Confiture 4 fruits rouges,d,4,0,4,3
Ricola douceur de miel,e,4,0,5,3
Sauce salade originale,e,4,3,5,2
Amora Moutarde Fine & Forte Flacon Souple 460g,e,4,0,5,3
Sundried Cherry Tomato & Basil,a,3,0,1,0
Ratatouille,a,4,0,1,0
Granola con Avena Mixed Berries,b,4,0,2,0
Poule vermicelles et petits légumes,c,4,0,3,0
Nocciolata l'originale,e,4,0,5,3
"Céréales Corn Flakes, 500g",c,4,0,3,0
Falafels,a,3,0,1,0
,c,3,0,3,0
Chips artisanales,b,3,0,2,0
Mermelada Arándanos,d,4,0,4,3
Zartes Blätterteiggebäck,e,4,0,5,3
Confitura de  melocotón 0%,b,4,0,2,0
Batatas Fritas Sabor Serrano,d,4,0,4,3
Bio pommes,a,3,0,1,0
Babybel,d,3,0,4,3
Boisson amande gourmande,b,1,0,2,1
NESQUIK Choco Nutty goût Choco Noisette Poudre Cacaotée 350g,d,4,0,4,3
Dahl de lentilles corail,a,3,0,1,0
"Salade veggie boulgour, légumes, lentilles, graines de courge",b,3,0,2,0
Le Yaourt Mandarine Citron Vert,c,4,0,3,0
Quenelles de brochet sauce Nantua,c,4,0,3,0
Kinder Schokolade,e,4,0,5,3
Veggie Straws,d,3,0,4,3
